"Site","Partition","&alpha;","&beta;","&beta;-&alpha;","Prob[&alpha;>&beta;]","Prob[&alpha;<&beta;]","BayesFactor[&alpha;<&beta;]"
1,1,"4.796","0.491","-4.306","0.650","0.300","0.729"
2,1,"3.574","0.537","-3.038","0.621","0.327","0.826"
3,1,"3.575","0.565","-3.010","0.616","0.332","0.845"
4,1,"1.950","0.556","-1.394","0.585","0.359","0.952"
5,1,"1.899","7.381","5.482","0.120","0.837","8.740"
6,1,"32.259","0.570","-31.690","0.997","0.001","0.003"
7,1,"2.771","0.651","-2.120","0.590","0.356","0.939"
8,1,"1.951","0.551","-1.400","0.586","0.358","0.948"
9,1,"0.976","0.564","-0.411","0.545","0.394","1.107"
10,1,"2.255","0.549","-1.706","0.594","0.351","0.920"
11,1,"2.255","0.549","-1.706","0.594","0.351","0.920"
12,1,"43.795","0.723","-43.072","1.000","0.000","0.000"
13,1,"2.228","1.832","-0.396","0.353","0.593","2.483"
14,1,"2.255","0.560","-1.694","0.592","0.353","0.928"
15,1,"0.875","0.559","-0.316","0.539","0.400","1.136"
16,1,"2.431","0.552","-1.879","0.597","0.348","0.909"
17,1,"3.575","0.571","-3.004","0.615","0.333","0.849"
18,1,"2.771","0.576","-2.195","0.600","0.346","0.901"
19,1,"2.431","0.552","-1.879","0.597","0.348","0.909"
20,1,"32.104","0.573","-31.531","0.997","0.002","0.003"
21,1,"1.950","0.566","-1.384","0.583","0.361","0.959"
22,1,"1.950","0.556","-1.394","0.585","0.359","0.952"
23,1,"2.254","0.583","-1.671","0.588","0.357","0.944"
24,1,"0.988","0.551","-0.437","0.549","0.391","1.092"
25,1,"0.975","0.570","-0.405","0.544","0.395","1.112"
26,1,"0.988","0.551","-0.437","0.549","0.391","1.092"
27,1,"2.254","0.583","-1.671","0.588","0.357","0.944"
28,1,"1.950","0.556","-1.394","0.585","0.359","0.952"
29,1,"0.875","0.551","-0.324","0.540","0.399","1.128"
30,1,"0.988","0.551","-0.437","0.549","0.391","1.092"
31,1,"2.255","0.549","-1.706","0.594","0.351","0.920"
32,1,"2.255","0.549","-1.706","0.594","0.351","0.920"
33,1,"2.255","0.549","-1.706","0.594","0.351","0.920"
34,1,"2.255","0.549","-1.706","0.594","0.351","0.920"
35,1,"2.254","0.583","-1.671","0.588","0.357","0.944"
36,1,"0.963","1.826","0.863","0.295","0.651","3.170"
37,1,"2.255","0.549","-1.706","0.594","0.351","0.920"
38,1,"0.932","7.174","6.242","0.085","0.882","12.680"
39,1,"0.988","0.551","-0.437","0.549","0.391","1.092"
40,1,"2.404","0.559","-1.845","0.595","0.350","0.916"
41,1,"2.245","0.583","-1.661","0.588","0.357","0.944"
42,1,"0.967","0.567","-0.400","0.544","0.395","1.112"
43,1,"2.207","0.544","-1.663","0.594","0.351","0.919"
44,1,"2.138","7.283","5.145","0.129","0.827","8.135"
45,1,"25.478","0.541","-24.938","0.999","0.000","0.001"
46,1,"3.507","0.560","-2.946","0.615","0.332","0.846"
47,1,"3.507","0.560","-2.946","0.615","0.332","0.846"
48,1,"1.045","0.645","-0.400","0.538","0.402","1.143"
49,1,"5.521","0.543","-4.977","0.851","0.119","0.230"
50,1,"2.684","0.566","-2.118","0.600","0.346","0.901"
51,1,"3.507","0.548","-2.959","0.618","0.330","0.838"
52,1,"2.666","2.159","-0.507","0.352","0.595","2.497"
53,1,"3.492","0.548","-2.945","0.617","0.330","0.839"
54,1,"0.840","0.625","-0.215","0.525","0.414","1.200"
55,1,"2.654","2.012","-0.641","0.358","0.589","2.441"
56,1,"0.919","0.556","-0.362","0.543","0.397","1.118"
57,1,"13.904","0.530","-13.374","0.923","0.061","0.110"
58,1,"4.807","0.641","-4.166","0.625","0.325","0.818"
59,1,"0.930","0.543","-0.386","0.546","0.393","1.102"
60,1,"2.628","0.559","-2.069","0.600","0.346","0.900"
61,1,"0.846","0.544","-0.303","0.539","0.399","1.131"
62,1,"1.821","0.550","-1.271","0.583","0.361","0.960"
63,1,"1.821","0.545","-1.277","0.584","0.360","0.956"
64,1,"0.919","0.554","-0.365","0.543","0.396","1.115"
65,1,"1.820","0.597","-1.223","0.575","0.369","0.993"
66,1,"0.919","0.522","-0.397","0.550","0.389","1.083"
67,1,"2.289","0.536","-1.753","0.597","0.348","0.907"
68,1,"2.118","0.533","-1.585","0.594","0.350","0.917"
69,1,"11.618","0.530","-11.089","0.909","0.071","0.131"
70,1,"3.463","0.539","-2.924","0.619","0.329","0.834"
71,1,"1.347","0.624","-0.722","0.555","0.386","1.071"
72,1,"3.463","0.554","-2.909","0.616","0.332","0.844"
73,1,"4.795","0.477","-4.317","0.654","0.296","0.716"
74,1,"1.789","0.532","-1.257","0.586","0.358","0.947"
75,1,"2.592","0.555","-2.037","0.600","0.346","0.899"
76,1,"3.433","0.519","-2.915","0.622","0.325","0.819"
77,1,"19.734","0.551","-19.182","0.947","0.042","0.074"
78,1,"3.434","0.550","-2.884","0.616","0.331","0.843"
79,1,"3.435","0.594","-2.840","0.609","0.338","0.870"
80,1,"2.320","1.710","-0.610","0.361","0.585","2.399"
81,1,"2.253","0.533","-1.721","0.597","0.348","0.907"
82,1,"6.036","0.526","-5.510","0.861","0.111","0.212"
83,1,"2.083","0.538","-1.545","0.592","0.352","0.925"
84,1,"1.789","0.538","-1.251","0.584","0.359","0.953"
85,1,"3.434","0.550","-2.884","0.616","0.331","0.843"
86,1,"3.478","1.830","-1.648","0.386","0.561","2.175"
87,1,"1.057","1.661","0.604","0.310","0.635","2.965"
88,1,"3.434","0.545","-2.889","0.617","0.330","0.840"
89,1,"19.353","0.559","-18.795","0.945","0.043","0.077"
90,1,"2.083","0.546","-1.537","0.590","0.354","0.931"
91,1,"1.789","0.541","-1.248","0.584","0.360","0.955"
92,1,"2.083","0.538","-1.545","0.592","0.352","0.925"
93,1,"7.316","6.695","-0.622","0.393","0.478","1.556"
94,1,"1.789","0.537","-1.252","0.584","0.359","0.952"
95,1,"4.604","0.537","-4.067","0.837","0.130","0.254"
96,1,"4.795","0.476","-4.320","0.655","0.296","0.714"
97,1,"2.083","0.541","-1.542","0.591","0.353","0.927"
98,1,"1.322","0.619","-0.703","0.555","0.387","1.072"
99,1,"3.434","0.545","-2.889","0.617","0.330","0.840"
100,1,"3.434","0.545","-2.889","0.617","0.330","0.840"
101,1,"44.302","8.071","-36.230","0.980","0.002","0.004"
102,1,"3.422","0.534","-2.888","0.619","0.329","0.832"
103,1,"1.743","1.688","-0.055","0.343","0.603","2.581"
104,1,"19.703","0.619","-19.084","0.943","0.045","0.079"
105,1,"2.218","0.538","-1.680","0.595","0.350","0.914"
106,1,"1.779","0.537","-1.242","0.584","0.359","0.953"
107,1,"13.200","0.534","-12.666","0.919","0.064","0.117"
108,1,"2.072","0.530","-1.542","0.593","0.351","0.919"
109,1,"4.806","0.633","-4.173","0.626","0.324","0.815"
110,1,"1.777","0.591","-1.186","0.575","0.369","0.994"
111,1,"0.812","0.613","-0.200","0.524","0.414","1.204"
112,1,"2.072","0.537","-1.536","0.592","0.352","0.925"
113,1,"3.423","0.543","-2.879","0.617","0.330","0.839"
114,1,"1.779","0.540","-1.239","0.584","0.360","0.956"
115,1,"3.423","0.549","-2.874","0.616","0.331","0.843"
116,1,"2.072","0.540","-1.533","0.591","0.353","0.927"
117,1,"4.806","0.633","-4.173","0.626","0.324","0.815"
118,1,"1.779","0.536","-1.243","0.584","0.359","0.952"
119,1,"2.072","0.537","-1.536","0.592","0.352","0.925"
120,1,"4.806","0.633","-4.173","0.626","0.324","0.815"
121,1,"3.422","0.537","-2.886","0.618","0.329","0.834"
122,1,"3.423","0.549","-2.874","0.616","0.331","0.843"
123,1,"1.779","0.531","-1.248","0.586","0.358","0.947"
124,1,"1.779","0.536","-1.243","0.584","0.359","0.952"
125,1,"3.423","0.543","-2.879","0.617","0.330","0.839"
126,1,"4.806","0.633","-4.173","0.626","0.324","0.815"
127,1,"2.578","0.621","-1.957","0.590","0.356","0.940"
128,1,"13.377","0.574","-12.803","0.977","0.015","0.025"
129,1,"2.208","0.537","-1.671","0.595","0.349","0.914"
130,1,"2.063","0.535","-1.527","0.592","0.352","0.925"
131,1,"3.414","0.548","-2.867","0.616","0.331","0.843"
132,1,"2.062","0.543","-1.519","0.590","0.354","0.931"
133,1,"4.795","0.474","-4.321","0.655","0.295","0.712"
134,1,"3.414","0.517","-2.897","0.623","0.325","0.819"
135,1,"0.994","0.557","-0.437","0.548","0.392","1.096"
136,1,"10.000","0.579","-9.421","0.963","0.024","0.042"
137,1,"3.414","0.533","-2.881","0.619","0.328","0.832"
138,1,"1.307","0.616","-0.692","0.555","0.387","1.073"
139,1,"2.063","0.535","-1.527","0.592","0.352","0.925"
140,1,"3.414","0.517","-2.897","0.623","0.325","0.819"
141,1,"3.414","0.536","-2.879","0.618","0.329","0.834"
142,1,"2.569","0.552","-2.016","0.600","0.346","0.899"
143,1,"2.568","0.620","-1.948","0.590","0.356","0.940"
144,1,"2.569","0.552","-2.016","0.600","0.346","0.899"
145,1,"2.208","0.537","-1.671","0.595","0.349","0.914"
146,1,"3.414","0.536","-2.879","0.618","0.329","0.834"
147,1,"3.414","0.548","-2.867","0.616","0.331","0.843"
148,1,"2.063","0.535","-1.527","0.592","0.352","0.925"
149,1,"2.063","0.535","-1.527","0.592","0.352","0.925"
150,1,"1.307","0.616","-0.692","0.555","0.387","1.073"
151,1,"5.598","0.551","-5.047","0.851","0.119","0.230"
152,1,"2.062","0.543","-1.519","0.590","0.354","0.931"
153,1,"2.063","0.535","-1.527","0.592","0.352","0.925"
154,1,"1.769","0.590","-1.179","0.575","0.369","0.994"
155,1,"2.569","0.552","-2.016","0.600","0.346","0.899"
156,1,"2.062","0.559","-1.503","0.587","0.357","0.944"
157,1,"13.946","0.528","-13.418","0.923","0.060","0.109"
158,1,"2.062","0.543","-1.519","0.590","0.354","0.931"
159,1,"0.993","0.627","-0.366","0.537","0.403","1.148"
160,1,"1.770","0.530","-1.241","0.585","0.358","0.947"
161,1,"1.770","0.530","-1.241","0.585","0.358","0.947"
162,1,"2.062","0.543","-1.519","0.590","0.354","0.931"
163,1,"2.569","0.560","-2.008","0.598","0.347","0.905"
164,1,"16.109","0.527","-15.582","0.934","0.052","0.093"
165,1,"3.415","0.592","-2.823","0.609","0.338","0.870"
166,1,"3.414","0.548","-2.867","0.616","0.331","0.843"
167,1,"3.414","0.548","-2.867","0.616","0.331","0.843"
168,1,"3.414","0.542","-2.872","0.617","0.330","0.839"
169,1,"1.307","0.616","-0.692","0.555","0.387","1.073"
170,1,"15.760","0.535","-15.226","0.932","0.054","0.097"
171,1,"1.723","0.533","-1.190","0.583","0.360","0.955"
172,1,"1.722","0.583","-1.139","0.574","0.369","0.994"
173,1,"0.793","0.604","-0.189","0.523","0.415","1.207"
174,1,"4.795","0.469","-4.326","0.657","0.294","0.707"
175,1,"2.012","0.530","-1.482","0.592","0.352","0.924"
176,1,"1.723","0.533","-1.190","0.583","0.360","0.955"
177,1,"1.272","0.608","-0.664","0.554","0.387","1.074"
178,1,"20.172","0.533","-19.639","0.950","0.040","0.070"
179,1,"23.459","0.512","-22.947","0.962","0.030","0.053"
180,1,"3.371","0.542","-2.829","0.617","0.331","0.841"
181,1,"3.371","0.542","-2.829","0.617","0.331","0.841"
182,1,"1.985","1.684","-0.301","0.352","0.594","2.487"
183,1,"4.795","0.469","-4.326","0.657","0.294","0.707"
184,1,"1.723","0.524","-1.199","0.585","0.358","0.947"
185,1,"3.370","0.530","-2.840","0.619","0.328","0.832"
186,1,"15.495","0.529","-14.966","0.931","0.054","0.098"
187,1,"1.723","0.524","-1.199","0.585","0.358","0.947"
188,1,"1.723","0.533","-1.190","0.583","0.360","0.955"
189,1,"2.012","0.533","-1.479","0.591","0.353","0.927"
190,1,"4.795","0.469","-4.326","0.657","0.294","0.707"
191,1,"2.178","0.525","-1.653","0.597","0.348","0.906"
192,1,"1.985","1.863","-0.122","0.344","0.602","2.578"
193,1,"0.971","0.551","-0.420","0.547","0.392","1.097"
194,1,"1.723","0.538","-1.185","0.582","0.361","0.960"
195,1,"9.700","0.571","-9.128","0.962","0.025","0.044"
196,1,"30.433","0.528","-29.905","0.997","0.002","0.003"
197,1,"22.410","0.529","-21.881","0.957","0.033","0.059"
198,1,"3.371","0.584","-2.787","0.609","0.338","0.868"
199,1,"1.723","0.524","-1.199","0.585","0.358","0.947"
200,1,"4.806","0.623","-4.182","0.627","0.323","0.811"
201,1,"2.515","0.554","-1.961","0.598","0.347","0.904"
202,1,"1.723","0.524","-1.199","0.585","0.358","0.947"
203,1,"0.789","0.539","-0.251","0.535","0.403","1.150"
204,1,"2.715","0.516","-2.200","0.611","0.335","0.857"
205,1,"1.714","0.523","-1.191","0.585","0.358","0.947"
206,1,"2.001","0.536","-1.464","0.590","0.354","0.931"
207,1,"1.714","0.523","-1.191","0.585","0.358","0.947"
208,1,"4.860","2.888","-1.972","0.382","0.568","2.235"
209,1,"2.167","0.524","-1.643","0.597","0.347","0.906"
210,1,"3.362","0.583","-2.779","0.610","0.338","0.868"
211,1,"3.362","0.583","-2.779","0.610","0.338","0.868"
212,1,"3.361","0.529","-2.832","0.619","0.328","0.832"
213,1,"2.516","2.675","0.158","0.331","0.617","2.737"
214,1,"4.806","0.621","-4.184","0.627","0.323","0.811"
215,1,"3.361","0.535","-2.826","0.618","0.330","0.837"
216,1,"16.247","0.516","-15.731","0.935","0.051","0.091"
217,1,"1.713","0.537","-1.177","0.582","0.361","0.960"
218,1,"1.265","0.606","-0.659","0.554","0.387","1.075"
219,1,"2.680","1.442","-1.238","0.386","0.560","2.164"
220,1,"26.450","0.521","-25.929","0.996","0.003","0.005"
221,1,"2.000","0.552","-1.449","0.587","0.357","0.944"
222,1,"3.361","0.526","-2.835","0.620","0.328","0.830"
223,1,"2.001","0.536","-1.464","0.590","0.354","0.931"
224,1,"1.682","1.562","-0.120","0.347","0.598","2.534"
225,1,"2.001","0.536","-1.464","0.590","0.354","0.931"
226,1,"3.361","0.510","-2.850","0.623","0.324","0.816"
227,1,"3.448","0.514","-2.934","0.818","0.146","0.290"
228,1,"1.713","0.537","-1.177","0.582","0.361","0.960"
229,1,"1.714","0.523","-1.191","0.585","0.358","0.947"
230,1,"1.713","0.537","-1.177","0.582","0.361","0.960"
231,1,"3.361","0.540","-2.821","0.617","0.331","0.840"
232,1,"2.390","10.362","7.971","0.064","0.896","14.622"
233,1,"6.178","0.568","-5.610","0.857","0.114","0.219"
234,1,"3.361","0.526","-2.835","0.620","0.328","0.830"
235,1,"2.001","0.521","-1.480","0.594","0.350","0.917"
236,1,"1.713","0.537","-1.177","0.582","0.361","0.960"
237,1,"3.361","0.535","-2.826","0.618","0.330","0.837"
238,1,"1.714","0.523","-1.191","0.585","0.358","0.947"
239,1,"3.361","0.535","-2.826","0.618","0.330","0.837"
240,1,"3.361","0.535","-2.826","0.618","0.330","0.837"
241,1,"2.001","0.529","-1.472","0.592","0.352","0.924"
242,1,"2.503","0.610","-1.893","0.589","0.356","0.940"
243,1,"23.803","0.530","-23.273","0.962","0.030","0.053"
244,1,"32.986","0.599","-32.387","0.999","0.000","0.000"
245,1,"2.001","0.536","-1.464","0.590","0.354","0.931"
246,1,"2.145","0.530","-1.615","0.595","0.349","0.913"
247,1,"2.504","0.545","-1.959","0.600","0.346","0.899"
248,1,"23.597","0.542","-23.055","0.960","0.031","0.054"
249,1,"2.000","0.552","-1.449","0.587","0.357","0.944"
250,1,"4.346","0.519","-3.827","0.836","0.131","0.257"
251,1,"1.714","0.523","-1.191","0.585","0.358","0.947"
252,1,"26.819","0.528","-26.292","0.996","0.003","0.005"
253,1,"0.873","0.526","-0.347","0.545","0.393","1.102"
254,1,"1.265","0.606","-0.659","0.554","0.387","1.075"
255,1,"0.900","0.595","-0.306","0.535","0.405","1.156"
256,1,"2.167","0.524","-1.643","0.597","0.347","0.906"
257,1,"1.713","0.537","-1.177","0.582","0.361","0.960"
258,1,"2.001","0.521","-1.480","0.594","0.350","0.917"
259,1,"3.361","0.535","-2.826","0.618","0.330","0.837"
260,1,"2.504","0.545","-1.959","0.600","0.346","0.899"
261,1,"3.361","0.529","-2.832","0.619","0.328","0.832"
262,1,"2.001","0.532","-1.469","0.591","0.353","0.927"
263,1,"1.713","0.537","-1.177","0.582","0.361","0.960"
264,1,"1.714","0.528","-1.186","0.584","0.359","0.952"
265,1,"1.713","0.537","-1.177","0.582","0.361","0.960"
266,1,"24.011","0.530","-23.480","0.962","0.030","0.052"
267,1,"3.590","12.802","9.212","0.080","0.877","12.145"
268,1,"3.361","0.529","-2.832","0.619","0.328","0.832"
269,1,"3.361","0.535","-2.826","0.618","0.330","0.837"
270,1,"22.186","0.535","-21.651","0.956","0.034","0.060"
271,1,"2.504","0.553","-1.951","0.598","0.347","0.904"
272,1,"1.714","0.523","-1.191","0.585","0.358","0.947"
273,1,"23.443","0.537","-22.906","0.960","0.031","0.055"
274,1,"2.167","0.524","-1.643","0.597","0.347","0.906"
275,1,"0.900","0.595","-0.306","0.535","0.405","1.156"
276,1,"1.713","0.537","-1.177","0.582","0.361","0.960"
277,1,"43.584","0.558","-43.025","1.000","0.000","0.000"
278,1,"1.713","0.537","-1.177","0.582","0.361","0.960"
279,1,"4.806","0.621","-4.184","0.627","0.323","0.811"
280,1,"2.503","0.610","-1.893","0.589","0.356","0.940"
281,1,"1.713","0.537","-1.177","0.582","0.361","0.960"
282,1,"3.361","0.540","-2.821","0.617","0.331","0.840"
283,1,"2.167","0.524","-1.643","0.597","0.347","0.906"
284,1,"1.713","0.532","-1.182","0.583","0.360","0.955"
285,1,"0.789","0.602","-0.187","0.523","0.415","1.208"
286,1,"0.790","0.523","-0.266","0.538","0.400","1.133"
287,1,"1.265","0.606","-0.659","0.554","0.387","1.075"
288,1,"1.714","0.523","-1.191","0.585","0.358","0.947"
289,1,"1.714","0.523","-1.191","0.585","0.358","0.947"
290,1,"3.361","0.529","-2.832","0.619","0.328","0.832"
291,1,"26.091","0.589","-25.503","0.999","0.000","0.000"
292,1,"3.361","0.540","-2.821","0.617","0.331","0.840"
293,1,"2.000","0.552","-1.449","0.587","0.357","0.944"
294,1,"3.361","0.589","-2.772","0.803","0.159","0.321"
295,1,"2.001","0.523","-1.478","0.593","0.351","0.918"
296,1,"2.503","0.610","-1.893","0.589","0.356","0.940"
297,1,"1.968","1.703","-0.265","0.350","0.595","2.503"
298,1,"2.504","0.545","-1.959","0.600","0.346","0.899"
299,1,"1.714","0.528","-1.186","0.584","0.359","0.952"
300,1,"1.949","5.447","3.498","0.151","0.802","6.897"
301,1,"2.001","0.536","-1.464","0.590","0.354","0.931"
302,1,"0.873","0.540","-0.333","0.542","0.397","1.118"
303,1,"3.361","0.529","-2.832","0.619","0.328","0.832"
304,1,"2.001","0.521","-1.480","0.594","0.350","0.917"
305,1,"3.380","1.997","-1.384","0.377","0.570","2.260"
306,1,"2.715","0.516","-2.200","0.611","0.335","0.857"
307,1,"1.714","0.528","-1.186","0.584","0.359","0.952"
308,1,"2.001","0.529","-1.472","0.592","0.352","0.924"
309,1,"31.667","0.628","-31.039","0.996","0.002","0.003"
310,1,"2.503","0.610","-1.893","0.589","0.356","0.940"
311,1,"3.361","0.535","-2.826","0.618","0.330","0.837"
312,1,"2.504","0.553","-1.951","0.598","0.347","0.904"
313,1,"2.167","0.524","-1.643","0.597","0.347","0.906"
314,1,"2.001","0.514","-1.488","0.596","0.348","0.909"
315,1,"2.001","0.521","-1.480","0.594","0.350","0.917"
316,1,"26.984","0.528","-26.456","0.996","0.003","0.004"
317,1,"2.001","0.536","-1.464","0.590","0.354","0.931"
318,1,"2.503","0.610","-1.893","0.589","0.356","0.940"
319,1,"4.795","0.468","-4.327","0.657","0.293","0.706"
320,1,"1.714","0.528","-1.186","0.584","0.359","0.952"
321,1,"31.684","0.550","-31.134","0.997","0.002","0.003"
322,1,"1.713","0.537","-1.177","0.582","0.361","0.960"
323,1,"0.830","5.931","5.101","0.094","0.872","11.562"
324,1,"3.055","20.041","16.986","0.039","0.928","21.928"
325,1,"2.145","0.530","-1.615","0.595","0.349","0.913"
326,1,"2.001","0.536","-1.464","0.590","0.354","0.931"
327,1,"2.504","0.545","-1.959","0.600","0.346","0.899"
328,1,"2.001","0.532","-1.469","0.591","0.353","0.927"
329,1,"2.001","0.536","-1.464","0.590","0.354","0.931"
330,1,"2.145","0.530","-1.615","0.595","0.349","0.913"
331,1,"4.795","0.468","-4.327","0.657","0.293","0.706"
332,1,"2.167","0.524","-1.643","0.597","0.347","0.906"
333,1,"1.714","0.523","-1.191","0.585","0.358","0.947"
334,1,"2.001","0.532","-1.469","0.591","0.353","0.927"
335,1,"0.966","0.549","-0.416","0.547","0.392","1.097"
336,1,"2.001","0.529","-1.472","0.592","0.352","0.924"
337,1,"2.001","0.521","-1.480","0.594","0.350","0.917"
338,1,"3.362","0.583","-2.779","0.610","0.338","0.868"
339,1,"3.361","0.510","-2.850","0.623","0.324","0.816"
340,1,"1.713","0.532","-1.182","0.583","0.360","0.955"
341,1,"1.714","0.523","-1.191","0.585","0.358","0.947"
342,1,"3.362","0.583","-2.779","0.610","0.338","0.868"
343,1,"3.362","0.583","-2.779","0.610","0.338","0.868"
344,1,"2.000","0.552","-1.449","0.587","0.357","0.944"
345,1,"3.361","0.529","-2.832","0.619","0.328","0.832"
346,1,"7.127","0.534","-6.592","0.872","0.101","0.192"
347,1,"13.738","0.510","-13.227","0.981","0.012","0.021"
348,1,"13.547","0.541","-13.006","0.920","0.063","0.114"
349,1,"1.713","0.537","-1.177","0.582","0.361","0.960"
350,1,"2.503","0.610","-1.893","0.589","0.356","0.940"
351,1,"0.883","0.523","-0.360","0.547","0.392","1.095"
352,1,"1.714","0.523","-1.191","0.585","0.358","0.947"
353,1,"3.361","0.529","-2.832","0.619","0.328","0.832"
354,1,"2.504","0.553","-1.951","0.598","0.347","0.904"
355,1,"1.713","0.537","-1.177","0.582","0.361","0.960"
356,1,"2.001","0.523","-1.478","0.593","0.351","0.918"
357,1,"2.145","0.530","-1.615","0.595","0.349","0.913"
358,1,"1.713","0.532","-1.182","0.583","0.360","0.955"
359,1,"1.713","0.532","-1.182","0.583","0.360","0.955"
360,1,"1.714","0.528","-1.186","0.584","0.359","0.952"
361,1,"0.832","0.525","-0.307","0.542","0.396","1.116"
362,1,"0.883","0.523","-0.360","0.547","0.392","1.095"
363,1,"13.338","0.517","-12.821","0.921","0.062","0.113"
364,1,"0.883","0.533","-0.349","0.545","0.394","1.107"
365,1,"2.503","0.610","-1.893","0.589","0.356","0.940"
366,1,"1.713","0.537","-1.177","0.582","0.361","0.960"
367,1,"3.373","1.677","-1.696","0.391","0.556","2.133"
368,1,"2.504","0.545","-1.959","0.600","0.346","0.899"
369,1,"3.361","0.540","-2.821","0.617","0.331","0.840"
370,1,"18.514","2.722","-15.792","0.817","0.135","0.265"
371,1,"1.713","0.532","-1.182","0.583","0.360","0.955"
372,1,"1.713","0.532","-1.182","0.583","0.360","0.955"
373,1,"3.361","0.535","-2.826","0.618","0.330","0.837"
374,1,"2.001","0.521","-1.480","0.594","0.350","0.917"
375,1,"3.495","5.820","2.325","0.189","0.762","5.433"
376,1,"1.714","0.523","-1.191","0.585","0.358","0.947"
377,1,"2.167","0.524","-1.643","0.597","0.347","0.906"
378,1,"3.362","0.583","-2.779","0.610","0.338","0.868"
379,1,"1.713","0.532","-1.182","0.583","0.360","0.955"
380,1,"3.361","0.529","-2.832","0.619","0.328","0.832"
381,1,"2.001","0.521","-1.480","0.594","0.350","0.917"
382,1,"2.167","0.524","-1.643","0.597","0.347","0.906"
383,1,"38.628","0.650","-37.978","0.999","0.000","0.000"
384,1,"3.361","0.526","-2.835","0.620","0.328","0.830"
385,1,"2.001","0.521","-1.480","0.594","0.350","0.917"
386,1,"2.489","2.709","0.220","0.329","0.618","2.758"
387,1,"2.504","0.553","-1.951","0.598","0.347","0.904"
388,1,"2.001","0.536","-1.464","0.590","0.354","0.931"
389,1,"4.552","1.638","-2.914","0.639","0.294","0.708"
390,1,"1.646","5.846","4.199","0.134","0.822","7.854"
391,1,"1.713","0.537","-1.177","0.582","0.361","0.960"
392,1,"1.678","1.567","-0.111","0.346","0.599","2.538"
393,1,"2.504","0.545","-1.959","0.600","0.346","0.899"
394,1,"1.713","0.537","-1.177","0.582","0.361","0.960"
395,1,"15.340","0.514","-14.826","0.932","0.054","0.097"
396,1,"0.966","0.549","-0.416","0.547","0.392","1.097"
397,1,"2.167","0.524","-1.643","0.597","0.347","0.906"
398,1,"3.361","0.529","-2.832","0.619","0.328","0.832"
399,1,"1.713","0.537","-1.177","0.582","0.361","0.960"
400,1,"3.362","0.583","-2.779","0.610","0.338","0.868"
401,1,"2.715","0.516","-2.200","0.611","0.335","0.857"
402,1,"1.713","0.532","-1.182","0.583","0.360","0.955"
403,1,"3.361","0.526","-2.835","0.620","0.328","0.830"
404,1,"2.503","0.610","-1.893","0.589","0.356","0.940"
405,1,"3.361","0.535","-2.826","0.618","0.330","0.837"
406,1,"1.713","0.537","-1.177","0.582","0.361","0.960"
407,1,"1.714","0.528","-1.186","0.584","0.359","0.952"
408,1,"2.167","0.524","-1.643","0.597","0.347","0.906"
409,1,"3.362","0.583","-2.779","0.610","0.338","0.868"
410,1,"1.714","0.523","-1.191","0.585","0.358","0.947"
411,1,"2.504","0.545","-1.959","0.600","0.346","0.899"
412,1,"25.697","0.524","-25.173","0.995","0.003","0.005"
413,1,"36.349","0.554","-35.794","0.999","0.001","0.001"
414,1,"4.815","2.864","-1.952","0.381","0.568","2.237"
415,1,"2.145","0.530","-1.615","0.595","0.349","0.913"
416,1,"2.503","0.610","-1.893","0.589","0.356","0.940"
417,1,"3.361","0.540","-2.821","0.617","0.331","0.840"
418,1,"2.145","0.530","-1.615","0.595","0.349","0.913"
419,1,"0.873","0.540","-0.333","0.542","0.397","1.118"
420,1,"3.361","0.529","-2.832","0.619","0.328","0.832"
421,1,"0.873","0.540","-0.333","0.542","0.397","1.118"
422,1,"2.001","0.520","-1.481","0.594","0.350","0.916"
423,1,"2.001","0.523","-1.478","0.593","0.351","0.918"
424,1,"1.714","0.529","-1.185","0.584","0.359","0.952"
425,1,"12.926","0.525","-12.401","0.918","0.065","0.118"
426,1,"3.542","32.295","28.753","0.022","0.948","31.136"
427,1,"3.361","0.535","-2.826","0.618","0.330","0.837"
428,1,"3.361","0.540","-2.821","0.617","0.331","0.840"
429,1,"1.714","0.529","-1.185","0.584","0.359","0.952"
430,1,"9.981","0.575","-9.406","0.963","0.024","0.042"
431,1,"0.919","0.601","-0.318","0.535","0.404","1.155"
432,1,"1.756","0.528","-1.228","0.585","0.358","0.947"
433,1,"1.756","0.542","-1.214","0.582","0.361","0.960"
434,1,"3.401","0.541","-2.861","0.617","0.330","0.838"
435,1,"1.756","0.528","-1.228","0.585","0.358","0.947"
436,1,"2.193","0.536","-1.657","0.595","0.349","0.914"
437,1,"1.756","0.533","-1.223","0.584","0.359","0.952"
438,1,"2.047","0.526","-1.521","0.594","0.350","0.918"
439,1,"2.553","0.558","-1.994","0.598","0.347","0.905"
440,1,"1.686","12.265","10.580","0.036","0.933","23.523"
441,1,"13.315","0.522","-12.793","0.920","0.063","0.114"
442,1,"2.227","0.539","-1.688","0.595","0.350","0.914"
443,1,"0.904","0.549","-0.355","0.543","0.396","1.116"
444,1,"3.431","0.594","-2.836","0.609","0.338","0.870"
445,1,"15.658","0.537","-15.121","0.931","0.054","0.098"
446,1,"3.430","0.550","-2.880","0.616","0.331","0.843"
447,1,"2.796","0.524","-2.273","0.610","0.336","0.860"
448,1,"3.430","0.538","-2.892","0.618","0.329","0.835"
449,1,"3.430","0.550","-2.880","0.616","0.331","0.843"
450,1,"2.081","0.546","-1.535","0.590","0.354","0.931"
451,1,"3.431","0.594","-2.836","0.609","0.338","0.870"
452,1,"2.081","0.530","-1.551","0.594","0.351","0.918"
453,1,"2.081","0.531","-1.550","0.593","0.351","0.919"
454,1,"1.320","0.619","-0.702","0.555","0.387","1.072"
455,1,"2.081","0.546","-1.535","0.590","0.354","0.931"
456,1,"1.787","0.541","-1.246","0.584","0.360","0.956"
457,1,"1.320","0.619","-0.702","0.555","0.387","1.072"
458,1,"3.430","0.550","-2.880","0.616","0.331","0.843"
459,1,"3.430","0.550","-2.880","0.616","0.331","0.843"
460,1,"13.684","0.527","-13.157","0.922","0.062","0.112"
461,1,"1.787","0.532","-1.256","0.586","0.358","0.947"
462,1,"1.787","0.532","-1.256","0.586","0.358","0.947"
463,1,"2.081","0.538","-1.544","0.592","0.352","0.925"
464,1,"3.431","0.594","-2.836","0.609","0.338","0.870"
465,1,"1.787","0.532","-1.256","0.586","0.358","0.947"
466,1,"3.430","0.550","-2.880","0.616","0.331","0.843"
467,1,"2.081","0.530","-1.551","0.594","0.351","0.918"
468,1,"2.587","0.623","-1.965","0.590","0.356","0.940"
469,1,"2.227","0.539","-1.688","0.595","0.350","0.914"
470,1,"4.806","0.635","-4.172","0.626","0.324","0.816"
471,1,"3.430","0.545","-2.885","0.617","0.330","0.840"
472,1,"2.588","0.563","-2.025","0.598","0.347","0.905"
473,1,"2.588","0.555","-2.033","0.600","0.346","0.900"
474,1,"3.430","0.538","-2.892","0.618","0.329","0.835"
475,1,"3.430","0.545","-2.885","0.617","0.330","0.840"
476,1,"2.081","0.546","-1.535","0.590","0.354","0.931"
477,1,"0.905","0.544","-0.360","0.544","0.395","1.111"
478,1,"1.320","0.619","-0.702","0.555","0.387","1.072"
479,1,"2.588","0.563","-2.025","0.598","0.347","0.905"
480,1,"1.787","0.532","-1.256","0.586","0.358","0.947"
481,1,"2.250","0.532","-1.717","0.597","0.348","0.907"
482,1,"2.081","0.529","-1.552","0.594","0.350","0.917"
483,1,"3.430","0.535","-2.895","0.619","0.329","0.833"
484,1,"1.787","0.538","-1.249","0.584","0.359","0.953"
485,1,"3.430","0.550","-2.880","0.616","0.331","0.843"
486,1,"1.787","0.541","-1.246","0.584","0.360","0.956"
487,1,"1.787","0.532","-1.256","0.586","0.358","0.947"
488,1,"3.430","0.538","-2.892","0.618","0.329","0.835"
489,1,"2.081","0.538","-1.544","0.592","0.352","0.925"
490,1,"3.430","0.545","-2.885","0.617","0.331","0.840"
491,1,"2.587","0.623","-1.965","0.590","0.356","0.940"
492,1,"3.430","0.550","-2.880","0.616","0.331","0.843"
493,1,"3.430","0.550","-2.880","0.616","0.331","0.843"
494,1,"23.890","0.547","-23.343","0.961","0.031","0.054"
495,1,"15.895","0.523","-15.372","0.933","0.052","0.094"
496,1,"2.081","0.530","-1.551","0.594","0.351","0.918"
497,1,"2.587","0.623","-1.965","0.590","0.356","0.940"
498,1,"1.320","0.619","-0.702","0.555","0.387","1.072"
499,1,"3.430","0.538","-2.892","0.618","0.329","0.835"
500,1,"1.787","0.538","-1.249","0.584","0.359","0.953"
501,1,"2.588","0.563","-2.025","0.598","0.347","0.905"
502,1,"2.081","0.538","-1.544","0.592","0.352","0.925"
503,1,"5.242","0.529","-4.713","0.849","0.120","0.233"
504,1,"16.041","0.523","-15.518","0.934","0.052","0.093"
505,1,"3.430","0.550","-2.880","0.616","0.331","0.843"
506,1,"1.320","0.619","-0.702","0.555","0.387","1.072"
507,1,"25.749","0.543","-25.206","0.995","0.003","0.005"
508,1,"3.430","0.550","-2.880","0.616","0.331","0.843"
509,1,"2.588","0.555","-2.033","0.600","0.346","0.900"
510,1,"3.431","0.594","-2.836","0.609","0.338","0.870"
511,1,"3.430","0.545","-2.885","0.617","0.330","0.840"
512,1,"2.081","0.531","-1.550","0.593","0.351","0.919"
513,1,"3.430","0.545","-2.885","0.617","0.330","0.840"
514,1,"1.787","0.541","-1.246","0.584","0.360","0.956"
515,1,"2.080","0.562","-1.519","0.587","0.357","0.944"
516,1,"2.081","0.541","-1.540","0.591","0.353","0.927"
517,1,"3.430","0.550","-2.880","0.616","0.331","0.843"
518,1,"4.795","0.475","-4.320","0.655","0.296","0.714"
519,1,"1.786","0.592","-1.193","0.575","0.369","0.993"
520,1,"2.250","0.532","-1.717","0.597","0.348","0.907"
521,1,"2.227","0.539","-1.688","0.595","0.350","0.914"
522,1,"13.646","0.527","-13.119","0.922","0.062","0.112"
523,1,"2.081","0.546","-1.535","0.590","0.354","0.931"
524,1,"13.543","0.567","-12.976","0.978","0.014","0.024"
525,1,"1.786","0.592","-1.193","0.575","0.369","0.993"
526,1,"3.430","0.545","-2.885","0.617","0.330","0.840"
527,1,"3.430","0.538","-2.892","0.618","0.329","0.835"
528,1,"4.806","0.635","-4.172","0.626","0.324","0.816"
529,1,"4.806","0.635","-4.172","0.626","0.324","0.816"
530,1,"2.588","0.563","-2.025","0.598","0.347","0.905"
531,1,"2.081","0.530","-1.551","0.594","0.351","0.918"
532,1,"2.588","0.563","-2.025","0.598","0.347","0.905"
533,1,"1.320","0.619","-0.702","0.555","0.387","1.072"
534,1,"13.698","0.527","-13.170","0.922","0.062","0.112"
535,1,"3.430","0.538","-2.892","0.618","0.329","0.835"
536,1,"2.588","0.563","-2.025","0.598","0.347","0.905"
537,1,"2.081","0.541","-1.540","0.591","0.353","0.927"
538,1,"2.588","0.563","-2.025","0.598","0.347","0.905"
539,1,"0.934","0.606","-0.327","0.535","0.404","1.153"
540,1,"2.250","0.532","-1.717","0.597","0.348","0.907"
541,1,"4.872","0.530","-4.343","0.843","0.125","0.243"
542,1,"2.080","0.562","-1.519","0.587","0.357","0.944"
543,1,"3.430","0.535","-2.895","0.619","0.329","0.833"
544,1,"2.081","0.546","-1.535","0.590","0.354","0.931"
545,1,"4.806","0.635","-4.172","0.626","0.324","0.816"
546,1,"3.430","0.550","-2.880","0.616","0.331","0.843"
547,1,"1.787","0.532","-1.256","0.586","0.358","0.947"
548,1,"18.313","0.534","-17.780","0.943","0.045","0.080"
549,1,"2.587","0.623","-1.965","0.590","0.356","0.940"
550,1,"2.587","0.623","-1.965","0.590","0.356","0.940"
551,1,"4.795","0.475","-4.320","0.655","0.296","0.714"
552,1,"3.429","0.519","-2.911","0.622","0.325","0.819"
553,1,"36.774","0.558","-36.216","1.000","0.000","0.000"
554,1,"3.430","0.550","-2.880","0.616","0.331","0.843"
555,1,"1.754","1.685","-0.069","0.343","0.602","2.574"
556,1,"3.430","0.545","-2.885","0.617","0.330","0.840"
557,1,"0.904","0.549","-0.355","0.543","0.396","1.116"
558,1,"2.587","0.623","-1.965","0.590","0.356","0.940"
559,1,"3.430","0.538","-2.892","0.618","0.329","0.835"
560,1,"0.904","0.549","-0.355","0.543","0.396","1.116"
561,1,"3.431","0.594","-2.836","0.609","0.338","0.870"
562,1,"1.705","6.110","4.405","0.131","0.824","7.984"
563,1,"1.787","0.532","-1.256","0.586","0.358","0.947"
564,1,"3.507","1.606","-1.901","0.398","0.550","2.077"
565,1,"3.492","0.559","-2.933","0.616","0.332","0.846"
566,1,"2.302","0.548","-1.755","0.595","0.350","0.915"
567,1,"1.856","0.545","-1.311","0.585","0.359","0.952"
568,1,"2.125","1.745","-0.380","0.353","0.592","2.473"
569,1,"4.796","0.482","-4.314","0.653","0.298","0.721"
570,1,"20.084","0.569","-19.515","0.947","0.041","0.074"
571,1,"2.302","0.548","-1.755","0.595","0.350","0.915"
572,1,"29.166","0.550","-28.615","0.996","0.002","0.004"
573,1,"3.532","2.635","-0.897","0.359","0.589","2.441"
574,1,"20.236","0.561","-19.674","0.948","0.041","0.072"
575,1,"2.764","0.577","-2.187","0.599","0.347","0.902"
576,1,"2.348","0.596","-1.752","0.588","0.357","0.943"
577,1,"2.862","0.668","-2.194","0.591","0.356","0.939"
578,1,"1.057","0.648","-0.409","0.539","0.402","1.142"
579,1,"2.040","0.572","-1.468","0.584","0.360","0.955"
580,1,"2.349","0.562","-1.787","0.594","0.351","0.922"
581,1,"2.525","0.563","-1.962","0.597","0.348","0.910"
582,1,"2.862","0.598","-2.264","0.598","0.348","0.907"
583,1,"1.520","0.663","-0.857","0.558","0.385","1.064"
584,1,"46.106","0.709","-45.397","1.000","0.000","0.000"
