"Partition","Site","ES","EN","S","N","P[S]","dS","dN","dN-dS","P [dN/dS > 1]","P [dN/dS < 1]","Total branch length"
1,1,0,2.858381463460836,0,0,0,"null",0,"null",1,1,0.1009187368340609
1,2,0.6470455240201671,2.211335939440669,0,0,0.2263678002014277,0,0,0,1,1,0.1009187368340609
1,3,0.6470455240201671,2.211335939440669,0,0,0.2263678002014277,0,0,0,1,1,0.1009187368340609
1,4,0.9527938211536122,1.81048662552429,0,0,0.3448053281378259,0,0,0,1,1,0.1009187368340609
1,5,0.9527938211536122,1.901985581134743,0,2,0.333753921718037,0,1.051532682391199,10.41959813785837,0.4438838368260956,1,0.1009187368340609
1,6,0.9527938211536122,1.905587642307224,2,0,0.3333333333333334,2.099090018844228,0,-20.7998047210572,1,0.111111111111111,0.1009187368340609
1,7,0.6674099843100056,1.463092570747495,0,0,0.3132641088487184,0,0,0,1,1,0.1009187368340609
1,8,0.9527938211536122,1.905587642307224,0,0,0.3333333333333334,0,0,0,1,1,0.1009187368340609
1,9,0.7278789084033349,2.130502555057502,0,0,0.2546472252594454,0,0,0,1,1,0.1009187368340609
1,10,0.9527938211536122,1.905587642307224,0,0,0.3333333333333334,0,0,0,1,1,0.1009187368340609
1,11,0.9527938211536122,1.905587642307224,0,0,0.3333333333333334,0,0,0,1,1,0.1009187368340609
1,12,0.6881507032078538,1.442351851849647,4,0,0.3229992386417396,5.812680247733195,0,-57.59763181827073,1,0.01088443761554669,0.1009187368340609
1,13,0.9527938211536122,1.905587642307224,0,1,0.3333333333333334,0,0.5247725047110571,5.1999511802643,0.6666666666666666,1,0.1009187368340609
1,14,0.9527938211536122,1.905587642307224,0,0,0.3333333333333334,0,0,0,1,1,0.1009187368340609
1,15,0.9527938211536122,1.905587642307224,0,0,0.3333333333333334,0,0,0,1,1,0.1009187368340609
1,16,0.7685723350606929,1.905587642307224,0,0,0.2874070143765939,0,0,0,1,1,0.1009187368340609
1,17,0.6470455240201671,2.211335939440669,0,0,0.2263678002014277,0,0,0,1,1,0.1009187368340609
1,18,0.6674099843100056,2.095870462367897,0,0,0.2415281391768923,0,0,0,1,1,0.1009187368340609
1,19,0.7685723350606929,1.905587642307224,0,0,0.2874070143765939,0,0,0,1,1,0.1009187368340609
1,20,0.9527938211536122,1.905587642307224,2,0,0.3333333333333334,2.099090018844228,0,-20.7998047210572,1,0.111111111111111,0.1009187368340609
1,21,0.9527938211536122,1.905587642307224,0,0,0.3333333333333334,0,0,0,1,1,0.1009187368340609
1,22,0.9527938211536122,1.81048662552429,0,0,0.3448053281378259,0,0,0,1,1,0.1009187368340609
1,23,0.9527938211536122,1.905587642307224,0,0,0.3333333333333334,0,0,0,1,1,0.1009187368340609
1,24,0.9527938211536122,1.905587642307224,0,0,0.3333333333333334,0,0,0,1,1,0.1009187368340609
1,25,0.7278789084033349,2.130502555057502,0,0,0.2546472252594454,0,0,0,1,1,0.1009187368340609
1,26,0.9527938211536122,1.905587642307224,0,0,0.3333333333333334,0,0,0,1,1,0.1009187368340609
1,27,0.9527938211536122,1.905587642307224,0,0,0.3333333333333334,0,0,0,1,1,0.1009187368340609
1,28,0.9527938211536122,1.81048662552429,0,0,0.3448053281378259,0,0,0,1,1,0.1009187368340609
1,29,0.9527938211536122,1.905587642307224,0,0,0.3333333333333334,0,0,0,1,1,0.1009187368340609
1,30,0.9527938211536122,1.905587642307224,0,0,0.3333333333333334,0,0,0,1,1,0.1009187368340609
1,31,0.9527938211536122,1.905587642307224,0,0,0.3333333333333334,0,0,0,1,1,0.1009187368340609
1,32,0.9527938211536122,1.905587642307224,0,0,0.3333333333333334,0,0,0,1,1,0.1009187368340609
1,33,0.9527938211536122,1.905587642307224,0,0,0.3333333333333334,0,0,0,1,1,0.1009187368340609
1,34,0.9527938211536122,1.905587642307224,0,0,0.3333333333333334,0,0,0,1,1,0.1009187368340609
1,35,0.9527938211536122,1.905587642307224,0,0,0.3333333333333334,0,0,0,1,1,0.1009187368340609
1,36,0.9522980550415154,1.906083408419321,0,1,0.3331598903837361,0,0.5246360130846955,5.198598689828495,0.6668401096162639,1,0.1009187368340609
1,37,0.9527938211536122,1.905587642307224,0,0,0.3333333333333334,0,0,0,1,1,0.1009187368340609
1,38,0.9510915220432948,1.906388817104047,0,2,0.3328427177655038,0,1.049103929930808,10.39553172029723,0.4450988392385192,1,0.1009187368340609
1,39,0.9527938211536122,1.905587642307224,0,0,0.3333333333333334,0,0,0,1,1,0.1009187368340609
1,40,0.8585430825273398,1.999838380933496,0,0,0.3003598692134827,0,0,0,1,1,0.1009187368340609
1,41,0.9754652560981621,1.950930512196324,0,0,0.3333333333333333,0,0,0,1,1,0.09925920148396944
1,42,0.9754652560981621,1.950930512196324,0,0,0.3333333333333333,0,0,0,1,1,0.09925920148396944
1,43,0.9761164883816963,1.952232976763393,0,0,0.3333333333333333,0,0,0,1,1,0.1019657045090372
1,44,1.000000000000001,2.000000000000002,0,2,0.3333333333333333,0,0.9999999999999991,9.847470939221424,0.4444444444444445,1,0.1015489160792652
1,45,0.7438440789316147,2.256155921068387,3,0,0.2479480263105381,4.033103287329931,0,-39.4553613470638,1,0.01524340424021031,0.1022193980648987
1,46,0.6791034006042839,2.32089659939572,0,0,0.2263678002014277,0,0,0,1,1,0.1022193980648987
1,47,0.6791034006042839,2.32089659939572,0,0,0.2263678002014277,0,0,0,1,1,0.1022193980648987
1,48,0.8114452868127405,1.424613037408925,0,0,0.3628909308951909,0,0,0,1,1,0.1022193980648987
1,49,1.000000000000001,2.000000000000002,1,0,0.3333333333333333,0.9999999999999989,0,-9.782878973373558,1,0.3333333333333333,0.1022193980648987
1,50,0.7004768182710587,2.199710384173447,0,0,0.2415281391768923,0,0,0,1,1,0.1022193980648987
1,51,0.6791034006042839,2.32089659939572,0,0,0.2263678002014277,0,0,0,1,1,0.1022193980648987
1,52,0.7024447344043364,2.105476856989623,0,1,0.250165366638894,0,0.4749517890354701,4.64639587032126,0.749834633361106,1,0.1022193980648987
1,53,0.6791034006042839,2.32089659939572,0,0,0.2263678002014277,0,0,0,1,1,0.1022193980648987
1,54,1.490548687417024,1.287475105546813,0,0,0.5365500076681406,0,0,0,1,1,0.1035899109703031
1,55,0.7004768182710587,2.195404678194281,0,1,0.241887252336136,0,0.4554968885383351,4.397116324087929,0.758112747663864,1,0.1035899109703031
1,56,0.7639416757783373,2.236058324221666,0,0,0.2546472252594454,0,0,0,1,1,0.1042757886138442
1,57,1.000000000000001,1.901712697809532,1,0,0.3446240562530152,0.9999999999999989,0,-9.404284077279268,1,0.3446240562530152,0.1063345164589399
1,58,0,1.377109426374521,0,0,0,"null",0,"null",1,1,0.1063345164589399
1,59,1.000000000000001,2.000000000000002,0,0,0.3333333333333333,0,0,0,1,1,0.1063345164589399
1,60,0.7004768182710588,2.199710384173447,0,0,0.2415281391768924,0,0,0,1,1,0.1063345164589399
1,61,0.9010643755325186,2.098935624467484,0,0,0.3003547918441726,0,0,0,1,1,0.1063345164589399
1,62,1.000000000000001,2.000000000000002,0,0,0.3333333333333333,0,0,0,1,1,0.1063345164589399
1,63,1.000000000000001,2.000000000000002,0,0,0.3333333333333333,0,0,0,1,1,0.1063345164589399
1,64,0.7639416757783374,2.236058324221666,0,0,0.2546472252594456,0,0,0,1,1,0.1063345164589399
1,65,1.000000000000001,1.763941675778338,0,0,0.361802135248891,0,0,0,1,1,0.1063345164589399
1,66,0.7639416757783374,2.236058324221666,0,0,0.2546472252594456,0,0,0,1,1,0.1063345164589399
1,67,0.8066512586428521,2.000000000000002,0,0,0.2874070143765939,0,0,0,1,1,0.1063345164589399
1,68,1.000000000000001,2.000000000000002,0,0,0.3333333333333333,0,0,0,1,1,0.1063345164589399
1,69,1.000000000000001,2.000000000000002,1,0,0.3333333333333333,0.9999999999999989,0,-9.404284077279268,1,0.3333333333333333,0.1063345164589399
1,70,0.6791034006042839,2.32089659939572,0,0,0.2263678002014277,0,0,0,1,1,0.1063345164589399
1,71,1.379580218875342,1.299523181728944,0,0,0.5149410129389447,0,0,0,1,1,0.1063345164589399
1,72,0.6791034006042839,2.32089659939572,0,0,0.2263678002014277,0,0,0,1,1,0.1063345164589399
1,73,0,3.000000000000004,0,0,0,"null",0,"null",1,1,0.1063345164589399
1,74,1.000000000000001,2.000000000000002,0,0,0.3333333333333333,0,0,0,1,1,0.1092365194608863
1,75,0.7004768182710588,2.199710384173446,0,0,0.2415281391768924,0,0,0,1,1,0.1092365194608863
1,76,0.6791034006042839,2.32089659939572,0,0,0.2263678002014277,0,0,0,1,1,0.1092365194608863
1,77,0.7017288979084423,2.198458304536063,1,0,0.2419598629071151,1.425051758564565,0,-13.04556173702353,1,0.2419598629071151,0.1092365194608863
1,78,0.6791034006042839,2.32089659939572,0,0,0.2263678002014277,0,0,0,1,1,0.1092365194608863
1,79,0.6791034006042839,2.000000000000002,0,0,0.253481594047885,0,0,0,1,1,0.1092365194608863
1,80,0.7745352715249829,2.032115987117871,0,1,0.2759642008033112,0,0.4920978951690103,4.504884425077393,0.7240357991966888,1,0.1092365194608863
1,81,0.8066512586428523,2.000000000000002,0,0,0.2874070143765939,0,0,0,1,1,0.1092365194608863
1,82,1.000000000000001,2.000000000000002,1,0,0.3333333333333333,0.9999999999999989,0,-9.154447660318057,1,0.3333333333333333,0.1092365194608863
1,83,1.000000000000001,2.000000000000002,0,0,0.3333333333333333,0,0,0,1,1,0.1092365194608863
1,84,1.000000000000001,2.000000000000002,0,0,0.3333333333333333,0,0,0,1,1,0.1092365194608863
1,85,0.6791034006042839,2.32089659939572,0,0,0.2263678002014277,0,0,0,1,1,0.1092365194608863
1,86,0.6793873062181617,2.318044419771419,0,1,0.2266564740499191,0,0.431398117944008,3.949211491478142,0.7733435259500808,1,0.1092365194608863
1,87,0.9253653640259885,1.936826931091135,0,1,0.3233064967733489,0,0.5163083928395387,4.726518158832497,0.6766935032266511,1,0.1092365194608863
1,88,0.6791034006042839,2.32089659939572,0,0,0.2263678002014277,0,0,0,1,1,0.1092365194608863
1,89,0.7026467536778763,2.104004504964977,1,0,0.2503505740209558,1.423190237150719,0,-13.02852053667192,1,0.2503505740209557,0.1092365194608863
1,90,1.000000000000001,2.000000000000002,0,0,0.3333333333333333,0,0,0,1,1,0.1092365194608863
1,91,1.000000000000001,2.000000000000002,0,0,0.3333333333333333,0,0,0,1,1,0.1092365194608863
1,92,1.000000000000001,2.000000000000002,0,0,0.3333333333333333,0,0,0,1,1,0.1092365194608863
1,93,0.7430313291768609,2.194703077722026,1,2,0.2529266523998727,1.345838271863734,0.9112850026509662,-3.978095158628392,0.8404447182440168,0.5830444790803173,0.1092365194608863
1,94,1.000000000000001,1.900187202444505,0,0,0.3448053281378259,0,0,0,1,1,0.1092365194608863
1,95,0.763675671282611,2.236324328717393,1,0,0.2545585570942034,1.309456406173679,0,-11.98735013378514,1,0.2545585570942034,0.1092365194608863
1,96,0,3.000000000000004,0,0,0,"null",0,"null",1,1,0.1092365194608863
1,97,1.000000000000001,2.000000000000002,0,0,0.3333333333333333,0,0,0,1,1,0.1092365194608863
1,98,1.379580218875342,1.299523181728944,0,0,0.5149410129389447,0,0,0,1,1,0.1092365194608863
1,99,0.6791034006042839,2.32089659939572,0,0,0.2263678002014277,0,0,0,1,1,0.1092365194608863
1,100,0.6791034006042839,2.32089659939572,0,0,0.2263678002014277,0,0,0,1,1,0.1092365194608863
1,101,0.9966033357087135,2.00339666429129,4,2,0.3322011119029041,4.013632963766356,0.9983045472961833,-27.60366616724595,0.9824452559274033,0.09902272803174039,0.1092365194608863
1,102,0.6791034006042838,2.320896599395719,0,0,0.2263678002014277,0,0,0,1,1,0.1100131949208384
1,103,1.000000000000001,2.000000000000002,0,1,0.3333333333333333,0,0.4999999999999996,4.544909366188135,0.6666666666666667,1,0.1100131949208384
1,104,0.7010896484267858,1.53496867579488,1,0,0.313538176009261,1.42635111250602,0,-12.96527306140296,1,0.313538176009261,0.1100131949208384
1,105,0.9010796076404484,2.098920392359553,0,0,0.3003598692134826,0,0,0,1,1,0.1100131949208384
1,106,1.000000000000001,2.000000000000002,0,0,0.3333333333333333,0,0,0,1,1,0.1100131949208384
1,107,1.000000000000001,2.000000000000002,1,0,0.3333333333333333,0.9999999999999991,0,-9.08981873237627,1,0.3333333333333333,0.1100131949208384
1,108,1.000000000000001,2.000000000000002,0,0,0.3333333333333333,0,0,0,1,1,0.1100131949208384
1,109,0,1.377109426374521,0,0,0,"null",0,"null",1,1,0.1100131949208384
1,110,1.000000000000001,1.763941675778337,0,0,0.361802135248891,0,0,0,1,1,0.1100131949208384
1,111,1.490548687417024,1.287475105546813,0,0,0.5365500076681406,0,0,0,1,1,0.1100131949208384
1,112,1.000000000000001,2.000000000000002,0,0,0.3333333333333333,0,0,0,1,1,0.1100131949208384
1,113,0.6791034006042838,2.320896599395719,0,0,0.2263678002014277,0,0,0,1,1,0.1100131949208384
1,114,1.000000000000001,2.000000000000002,0,0,0.3333333333333333,0,0,0,1,1,0.1100131949208384
1,115,0.6791034006042838,2.320896599395719,0,0,0.2263678002014277,0,0,0,1,1,0.1100131949208384
1,116,1.000000000000001,2.000000000000002,0,0,0.3333333333333333,0,0,0,1,1,0.1100131949208384
1,117,0,1.377109426374521,0,0,0,"null",0,"null",1,1,0.1100131949208384
1,118,1.000000000000001,1.900187202444505,0,0,0.3448053281378258,0,0,0,1,1,0.1100131949208384
1,119,1.000000000000001,2.000000000000002,0,0,0.3333333333333333,0,0,0,1,1,0.1100131949208384
1,120,0,1.377109426374521,0,0,0,"null",0,"null",1,1,0.1100131949208384
1,121,0.6791034006042838,2.320896599395719,0,0,0.2263678002014277,0,0,0,1,1,0.1100131949208384
1,122,0.6791034006042838,2.320896599395719,0,0,0.2263678002014277,0,0,0,1,1,0.1100131949208384
1,123,1.000000000000001,2.000000000000002,0,0,0.3333333333333333,0,0,0,1,1,0.1100131949208384
1,124,1.000000000000001,1.900187202444505,0,0,0.3448053281378258,0,0,0,1,1,0.1100131949208384
1,125,0.6791034006042838,2.320896599395719,0,0,0.2263678002014277,0,0,0,1,1,0.1100131949208384
1,126,0,1.377109426374521,0,0,0,"null",0,"null",1,1,0.1100131949208384
1,127,0.7004768182710587,1.535581505950606,0,0,0.3132641088487185,0,0,0,1,1,0.1100131949208384
1,128,1.763941675778337,1.236058324221665,2,0,0.5879805585927785,1.133824336406986,0,-10.30625769229632,1,0.3457211372830759,0.1100131949208384
1,129,0.9010796076404485,2.098920392359553,0,0,0.3003598692134826,0,0,0,1,1,0.1108107653623518
1,130,1.000000000000001,2.000000000000002,0,0,0.3333333333333333,0,0,0,1,1,0.1108107653623518
1,131,0.6791034006042838,2.320896599395719,0,0,0.2263678002014277,0,0,0,1,1,0.1108107653623518
1,132,1.000000000000001,2.000000000000002,0,0,0.3333333333333333,0,0,0,1,1,0.1108107653623518
1,133,0,3.000000000000003,0,0,0,"null",0,"null",1,1,0.1108107653623518
1,134,0.6791034006042838,2.320896599395719,0,0,0.2263678002014277,0,0,0,1,1,0.1108107653623518
1,135,0.8114452868127401,2.088741915631765,0,0,0.2797906583853588,0,0,0,1,1,0.1108107653623518
1,136,1.49746427285929,1.286126057266615,2,0,0.5379614437701966,1.335591129784458,0,-12.05290050490192,1,0.2894025149833144,0.1108107653623518
1,137,0.6791034006042838,2.320896599395719,0,0,0.2263678002014277,0,0,0,1,1,0.1108107653623518
1,138,1.379580218875342,1.299523181728943,0,0,0.5149410129389448,0,0,0,1,1,0.1108107653623518
1,139,1.000000000000001,2.000000000000002,0,0,0.3333333333333333,0,0,0,1,1,0.1108107653623518
1,140,0.6791034006042838,2.320896599395719,0,0,0.2263678002014277,0,0,0,1,1,0.1108107653623518
1,141,0.6791034006042838,2.320896599395719,0,0,0.2263678002014277,0,0,0,1,1,0.1108107653623518
1,142,0.7004768182710587,2.199710384173446,0,0,0.2415281391768924,0,0,0,1,1,0.1108107653623518
1,143,0.7004768182710587,1.535581505950606,0,0,0.3132641088487185,0,0,0,1,1,0.1108107653623518
1,144,0.7004768182710587,2.199710384173446,0,0,0.2415281391768924,0,0,0,1,1,0.1108107653623518
1,145,0.9010796076404485,2.098920392359553,0,0,0.3003598692134826,0,0,0,1,1,0.1108107653623518
1,146,0.6791034006042838,2.320896599395719,0,0,0.2263678002014277,0,0,0,1,1,0.1108107653623518
1,147,0.6791034006042838,2.320896599395719,0,0,0.2263678002014277,0,0,0,1,1,0.1108107653623518
1,148,1.000000000000001,2.000000000000002,0,0,0.3333333333333333,0,0,0,1,1,0.1108107653623518
1,149,1.000000000000001,2.000000000000002,0,0,0.3333333333333333,0,0,0,1,1,0.1108107653623518
1,150,1.379580218875342,1.299523181728943,0,0,0.5149410129389448,0,0,0,1,1,0.1108107653623518
1,151,0.8102109949889413,1.996440263653911,1,0,0.28867533595204,1.234246395303052,0,-11.13832569666909,1,0.28867533595204,0.1108107653623518
1,152,1.000000000000001,2.000000000000002,0,0,0.3333333333333333,0,0,0,1,1,0.1108107653623518
1,153,1.000000000000001,2.000000000000002,0,0,0.3333333333333333,0,0,0,1,1,0.1108107653623518
1,154,1.000000000000001,1.763941675778337,0,0,0.361802135248891,0,0,0,1,1,0.1108107653623518
1,155,0.7004768182710587,2.199710384173446,0,0,0.2415281391768924,0,0,0,1,1,0.1108107653623518
1,156,1.000000000000001,2.000000000000002,0,0,0.3333333333333333,0,0,0,1,1,0.1108107653623518
1,157,1.000000000000001,2.000000000000002,1,0,0.3333333333333333,0.9999999999999991,0,-9.024393945209152,1,0.3333333333333333,0.1108107653623518
1,158,1.000000000000001,2.000000000000002,0,0,0.3333333333333333,0,0,0,1,1,0.1108107653623518
1,159,0.8114452868127401,1.424613037408925,0,0,0.3628909308951908,0,0,0,1,1,0.1108107653623518
1,160,1.000000000000001,2.000000000000002,0,0,0.3333333333333333,0,0,0,1,1,0.1108107653623518
1,161,1.000000000000001,2.000000000000002,0,0,0.3333333333333333,0,0,0,1,1,0.1108107653623518
1,162,1.000000000000001,2.000000000000002,0,0,0.3333333333333333,0,0,0,1,1,0.1108107653623518
1,163,0.7004768182710587,2.106174440371794,0,0,0.2495774336458788,0,0,0,1,1,0.1108107653623518
1,164,1.000000000000001,2.000000000000002,1,0,0.3333333333333333,0.9999999999999991,0,-9.024393945209152,1,0.3333333333333333,0.1108107653623518
1,165,0.6791034006042838,2.000000000000002,0,0,0.253481594047885,0,0,0,1,1,0.1108107653623518
1,166,0.6791034006042838,2.320896599395719,0,0,0.2263678002014277,0,0,0,1,1,0.1108107653623518
1,167,0.6791034006042838,2.320896599395719,0,0,0.2263678002014277,0,0,0,1,1,0.1108107653623518
1,168,0.6791034006042838,2.320896599395719,0,0,0.2263678002014277,0,0,0,1,1,0.1108107653623518
1,169,1.379580218875342,1.299523181728943,0,0,0.5149410129389448,0,0,0,1,1,0.1108107653623518
1,170,1.000000000000001,2.000000000000002,1,0,0.3333333333333333,0.9999999999999991,0,-9.024393945209152,1,0.3333333333333333,0.1108107653623518
1,171,1.000000000000001,2.000000000000002,0,0,0.3333333333333333,0,0,0,1,1,0.1152946310394663
1,172,1.000000000000001,1.763941675778337,0,0,0.361802135248891,0,0,0,1,1,0.1152946310394663
1,173,1.490548687417024,1.287475105546813,0,0,0.5365500076681406,0,0,0,1,1,0.1152946310394663
1,174,0,3.000000000000003,0,0,0,"null",0,"null",1,1,0.1152946310394663
1,175,1.000000000000001,2.000000000000002,0,0,0.3333333333333333,0,0,0,1,1,0.1152946310394663
1,176,1.000000000000001,2.000000000000002,0,0,0.3333333333333333,0,0,0,1,1,0.1152946310394663
1,177,1.379580218875343,1.299523181728943,0,0,0.5149410129389449,0,0,0,1,1,0.1152946310394663
1,178,0.6866282441823738,2.313371755817629,1,0,0.2288760813941244,1.456392172143726,0,-12.63191667307727,1,0.2288760813941244,0.1152946310394663
1,179,0.6804450204909008,2.319554979509102,1,0,0.2268150068303,1.469626450170153,0,-12.74670326727607,1,0.2268150068303001,0.1152946310394663
1,180,0.6791034006042838,2.32089659939572,0,0,0.2263678002014277,0,0,0,1,1,0.1152946310394663
1,181,0.6791034006042838,2.32089659939572,0,0,0.2263678002014277,0,0,0,1,1,0.1152946310394663
1,182,0.9975440148353036,2.002455985164699,0,1,0.3325146716117676,0,0.4993867567669666,4.331396460222181,0.6674853283882325,1,0.1152946310394663
1,183,0,3.000000000000003,0,0,0,"null",0,"null",1,1,0.1152946310394663
1,184,1.000000000000001,2.000000000000002,0,0,0.3333333333333333,0,0,0,1,1,0.1152946310394663
1,185,0.6791034006042838,2.32089659939572,0,0,0.2263678002014277,0,0,0,1,1,0.1152946310394663
1,186,1.000000000000001,2.000000000000002,1,0,0.3333333333333333,0.9999999999999991,0,-8.67343076589309,1,0.3333333333333333,0.1152946310394663
1,187,1.000000000000001,2.000000000000002,0,0,0.3333333333333333,0,0,0,1,1,0.1152946310394663
1,188,1.000000000000001,2.000000000000002,0,0,0.3333333333333333,0,0,0,1,1,0.1152946310394663
1,189,1.000000000000001,2.000000000000002,0,0,0.3333333333333333,0,0,0,1,1,0.1152946310394663
1,190,0,3.000000000000003,0,0,0,"null",0,"null",1,1,0.1152946310394663
1,191,0.806651258642852,2.000000000000002,0,0,0.2874070143765939,0,0,0,1,1,0.1152946310394663
1,192,0.9975440148353036,2.002455985164699,0,1,0.3325146716117676,0,0.4993867567669666,4.331396460222181,0.6674853283882325,1,0.1152946310394663
1,193,0.8114452868127402,2.088741915631765,0,0,0.2797906583853589,0,0,0,1,1,0.1152946310394663
1,194,1.000000000000001,2.000000000000002,0,0,0.3333333333333333,0,0,0,1,1,0.1152946310394663
1,195,1.489949615336424,1.28747675041029,2,0,0.5364497268808238,1.342327270273773,0,-11.64258264388984,1,0.2877783094705104,0.1152946310394663
1,196,1.000000000000001,2.000000000000002,2,0,0.3333333333333333,1.999999999999998,0,-17.34686153178618,1,0.1111111111111109,0.1152946310394663
1,197,0.6820418681125998,2.317958131887403,1,0,0.2273472893708664,1.466185650401901,0,-12.71685972870683,1,0.2273472893708663,0.1152946310394663
1,198,0.6791034006042838,2.000000000000002,0,0,0.253481594047885,0,0,0,1,1,0.1152946310394663
1,199,1.000000000000001,2.000000000000002,0,0,0.3333333333333333,0,0,0,1,1,0.1152946310394663
1,200,0,1.377109426374521,0,0,0,"null",0,"null",1,1,0.1152946310394663
1,201,0.7004768182710586,2.106174440371794,0,0,0.2495774336458788,0,0,0,1,1,0.1152946310394663
1,202,1.000000000000001,2.000000000000002,0,0,0.3333333333333333,0,0,0,1,1,0.1152946310394663
1,203,1.000000000000001,2.000000000000002,0,0,0.3333333333333333,0,0,0,1,1,0.1162528069856919
1,204,0.2995231817289422,2.700476818271063,0,0,0.0998410605763139,0,0,0,1,1,0.1162528069856919
1,205,1.000000000000001,2.000000000000002,0,0,0.3333333333333333,0,0,0,1,1,0.1162528069856919
1,206,1.000000000000001,2.000000000000002,0,0,0.3333333333333333,0,0,0,1,1,0.1162528069856919
1,207,1.000000000000001,2.000000000000002,0,0,0.3333333333333333,0,0,0,1,1,0.1162528069856919
1,208,0.004121087357243626,1.379676412842436,0,1,0.002978100015825264,0,0.724807636552821,6.23475385538027,0.9970218999841748,1,0.1162528069856919
1,209,0.8066512586428521,2.000000000000002,0,0,0.2874070143765939,0,0,0,1,1,0.1162528069856919
1,210,0.679103400604284,2.000000000000002,0,0,0.253481594047885,0,0,0,1,1,0.1162528069856919
1,211,0.679103400604284,2.000000000000002,0,0,0.253481594047885,0,0,0,1,1,0.1162528069856919
1,212,0.679103400604284,2.32089659939572,0,0,0.2263678002014277,0,0,0,1,1,0.1162528069856919
1,213,0.7010286069197202,1.541671729298672,0,1,0.312582379196404,0,0.6486465185781892,5.579620272377793,0.687417620803596,1,0.1162528069856919
1,214,0,1.377109426374522,0,0,0,"null",0,"null",1,1,0.1162528069856919
1,215,0.679103400604284,2.32089659939572,0,0,0.2263678002014277,0,0,0,1,1,0.1162528069856919
1,216,0.8095625957631384,2.002161305363398,1,0,0.2879239300269779,1.235234934560366,0,-10.62542029382908,1,0.2879239300269779,0.1162528069856919
1,217,1.000000000000001,2.000000000000002,0,0,0.3333333333333333,0,0,0,1,1,0.1162528069856919
1,218,1.379580218875343,1.299523181728943,0,0,0.5149410129389448,0,0,0,1,1,0.1162528069856919
1,219,0.307714943044353,2.692285056955651,0,1,0.1025716476814509,0,0.3714316942095157,3.195034200380474,0.8974283523185491,1,0.1162528069856919
1,220,1.000000000000001,2.000000000000002,2,0,0.3333333333333333,1.999999999999998,0,-17.20388566829318,1,0.1111111111111109,0.1162528069856919
1,221,1.000000000000001,2.000000000000002,0,0,0.3333333333333333,0,0,0,1,1,0.1162528069856919
1,222,0.679103400604284,2.32089659939572,0,0,0.2263678002014277,0,0,0,1,1,0.1162528069856919
1,223,1.000000000000001,2.000000000000002,0,0,0.3333333333333333,0,0,0,1,1,0.1162528069856919
1,224,0.9983189493381982,1.901055014503737,0,1,0.3443222439699826,0,0.5260237038753169,4.524825830141534,0.6556777560300174,1,0.1162528069856919
1,225,1.000000000000001,2.000000000000002,0,0,0.3333333333333333,0,0,0,1,1,0.1162528069856919
1,226,0.679103400604284,2.32089659939572,0,0,0.2263678002014277,0,0,0,1,1,0.1162528069856919
1,227,1.000000000000001,2.000000000000002,1,0,0.3333333333333333,0.9999999999999989,0,-8.601942834146588,1,0.3333333333333333,0.1162528069856919
1,228,1.000000000000001,2.000000000000002,0,0,0.3333333333333333,0,0,0,1,1,0.1162528069856919
1,229,1.000000000000001,2.000000000000002,0,0,0.3333333333333333,0,0,0,1,1,0.1162528069856919
1,230,1.000000000000001,2.000000000000002,0,0,0.3333333333333333,0,0,0,1,1,0.1162528069856919
1,231,0.679103400604284,2.32089659939572,0,0,0.2263678002014277,0,0,0,1,1,0.1162528069856919
1,232,0.4637245112493195,2.536275488750685,0,3,0.1545748370831063,0,1.182836806690008,10.17469459327196,0.6042623141675465,1,0.1162528069856919
1,233,0.7385622773923748,2.000000000000002,1,0,0.2696897870424272,1.353981960100477,0,-11.64687541925007,1,0.2696897870424273,0.1162528069856919
1,234,0.679103400604284,2.32089659939572,0,0,0.2263678002014277,0,0,0,1,1,0.1162528069856919
1,235,1.000000000000001,2.000000000000002,0,0,0.3333333333333333,0,0,0,1,1,0.1162528069856919
1,236,1.000000000000001,2.000000000000002,0,0,0.3333333333333333,0,0,0,1,1,0.1162528069856919
1,237,0.679103400604284,2.32089659939572,0,0,0.2263678002014277,0,0,0,1,1,0.1162528069856919
1,238,1.000000000000001,2.000000000000002,0,0,0.3333333333333333,0,0,0,1,1,0.1162528069856919
1,239,0.679103400604284,2.32089659939572,0,0,0.2263678002014277,0,0,0,1,1,0.1162528069856919
1,240,0.679103400604284,2.32089659939572,0,0,0.2263678002014277,0,0,0,1,1,0.1162528069856919
1,241,1.000000000000001,2.000000000000002,0,0,0.3333333333333333,0,0,0,1,1,0.1162528069856919
1,242,0.7004768182710588,1.535581505950607,0,0,0.3132641088487185,0,0,0,1,1,0.1162528069856919
1,243,0.6793944236872627,2.320605576312741,1,0,0.226464807895754,1.471899039990234,0,-12.66119139963125,1,0.226464807895754,0.1162528069856919
1,244,0.712161178367309,2.000000000000002,3,0,0.2625806991294011,4.212529538436452,0,-36.23593827678431,1,0.01810457777715646,0.1162528069856919
1,245,1.000000000000001,2.000000000000002,0,0,0.3333333333333333,0,0,0,1,1,0.1162528069856919
1,246,0.9010796076404486,2.098920392359555,0,0,0.3003598692134825,0,0,0,1,1,0.1162528069856919
1,247,0.7004768182710588,2.199710384173447,0,0,0.2415281391768924,0,0,0,1,1,0.1162528069856919
1,248,0.6797022613661653,2.320297738633839,1,0,0.2265674204553881,1.471232415778717,0,-12.65545713627192,1,0.2265674204553881,0.1162528069856919
1,249,1.000000000000001,2.000000000000002,0,0,0.3333333333333333,0,0,0,1,1,0.1162528069856919
1,250,1.000000000000001,2.000000000000002,1,0,0.3333333333333333,0.9999999999999989,0,-8.601942834146588,1,0.3333333333333333,0.1162528069856919
1,251,1.000000000000001,2.000000000000002,0,0,0.3333333333333333,0,0,0,1,1,0.1162528069856919
1,252,1.000000000000001,2.000000000000002,2,0,0.3333333333333333,1.999999999999998,0,-17.20388566829318,1,0.1111111111111109,0.1162528069856919
1,253,0.7639416757783372,2.236058324221665,0,0,0.2546472252594455,0,0,0,1,1,0.1162528069856919
1,254,1.379580218875343,1.299523181728943,0,0,0.5149410129389448,0,0,0,1,1,0.1162528069856919
1,255,1.763941675778338,1.236058324221665,0,0,0.5879805585927788,0,0,0,1,1,0.1162528069856919
1,256,0.8066512586428521,2.000000000000002,0,0,0.2874070143765939,0,0,0,1,1,0.1162528069856919
1,257,1.000000000000001,2.000000000000002,0,0,0.3333333333333333,0,0,0,1,1,0.1162528069856919
1,258,1.000000000000001,2.000000000000002,0,0,0.3333333333333333,0,0,0,1,1,0.1162528069856919
1,259,0.679103400604284,2.32089659939572,0,0,0.2263678002014277,0,0,0,1,1,0.1162528069856919
1,260,0.7004768182710588,2.199710384173447,0,0,0.2415281391768924,0,0,0,1,1,0.1162528069856919
1,261,0.679103400604284,2.32089659939572,0,0,0.2263678002014277,0,0,0,1,1,0.1162528069856919
1,262,1.000000000000001,2.000000000000002,0,0,0.3333333333333333,0,0,0,1,1,0.1162528069856919
1,263,1.000000000000001,2.000000000000002,0,0,0.3333333333333333,0,0,0,1,1,0.1162528069856919
1,264,1.000000000000001,1.900187202444505,0,0,0.3448053281378259,0,0,0,1,1,0.1162528069856919
1,265,1.000000000000001,2.000000000000002,0,0,0.3333333333333333,0,0,0,1,1,0.1162528069856919
1,266,0.6800925303079144,2.319907469692089,1,0,0.2266975101026379,1.470388153722621,0,-12.64819484232835,1,0.2266975101026378,0.1162528069856919
1,267,0.679103400604284,2.208924997977291,0,3,0.235144294612137,0,1.358126691828421,11.68252816463671,0.4474438383378782,1,0.1162528069856919
1,268,0.679103400604284,2.32089659939572,0,0,0.2263678002014277,0,0,0,1,1,0.1162528069856919
1,269,0.679103400604284,2.32089659939572,0,0,0.2263678002014277,0,0,0,1,1,0.1162528069856919
1,270,0.682407214073264,2.098920985535727,1,0,0.2453529986749493,1.465400686535883,0,-12.60529293470084,1,0.2453529986749493,0.1162528069856919
1,271,0.7004768182710588,2.106174440371794,0,0,0.2495774336458788,0,0,0,1,1,0.1162528069856919
1,272,1.000000000000001,2.000000000000002,0,0,0.3333333333333333,0,0,0,1,1,0.1162528069856919
1,273,0.6804267096195322,2.098920629950261,1,0,0.2448152844850451,1.469665999089249,0,-12.64198290945466,1,0.2448152844850451,0.1162528069856919
1,274,0.8066512586428521,2.000000000000002,0,0,0.2874070143765939,0,0,0,1,1,0.1162528069856919
1,275,1.763941675778338,1.236058324221665,0,0,0.5879805585927788,0,0,0,1,1,0.1162528069856919
1,276,1.000000000000001,2.000000000000002,0,0,0.3333333333333333,0,0,0,1,1,0.1162528069856919
1,277,0.6859572076577939,2.314042792342209,3,0,0.2286524025525977,4.373450656264001,0,-37.62017253314385,1,0.01195438689086226,0.1162528069856919
1,278,1.000000000000001,2.000000000000002,0,0,0.3333333333333333,0,0,0,1,1,0.1162528069856919
1,279,0,1.377109426374522,0,0,0,"null",0,"null",1,1,0.1162528069856919
1,280,0.7004768182710588,1.535581505950607,0,0,0.3132641088487185,0,0,0,1,1,0.1162528069856919
1,281,1.000000000000001,2.000000000000002,0,0,0.3333333333333333,0,0,0,1,1,0.1162528069856919
1,282,0.679103400604284,2.32089659939572,0,0,0.2263678002014277,0,0,0,1,1,0.1162528069856919
1,283,0.8066512586428521,2.000000000000002,0,0,0.2874070143765939,0,0,0,1,1,0.1162528069856919
1,284,1.000000000000001,2.000000000000002,0,0,0.3333333333333333,0,0,0,1,1,0.1162528069856919
1,285,1.490548687417024,1.287475105546814,0,0,0.5365500076681405,0,0,0,1,1,0.1162528069856919
1,286,1.000000000000001,2.000000000000002,0,0,0.3333333333333333,0,0,0,1,1,0.1162528069856919
1,287,1.379580218875343,1.299523181728943,0,0,0.5149410129389448,0,0,0,1,1,0.1162528069856919
1,288,1.000000000000001,2.000000000000002,0,0,0.3333333333333333,0,0,0,1,1,0.1162528069856919
1,289,1.000000000000001,2.000000000000002,0,0,0.3333333333333333,0,0,0,1,1,0.1162528069856919
1,290,0.679103400604284,2.32089659939572,0,0,0.2263678002014277,0,0,0,1,1,0.1162528069856919
1,291,1.734399926326474,1.24093618823692,4,0,0.5829257131108977,2.306273160696076,0,-19.83842988823424,1,0.1154656622148723,0.1162528069856919
1,292,0.679103400604284,2.32089659939572,0,0,0.2263678002014277,0,0,0,1,1,0.1162528069856919
1,293,1.000000000000001,2.000000000000002,0,0,0.3333333333333333,0,0,0,1,1,0.1162528069856919
1,294,1.496811918049636,1.286297185214049,1,0,0.5378200647234276,0.668086609908219,0,-5.746842826689297,1,0.5378200647234276,0.1162528069856919
1,295,1.000000000000001,2.000000000000002,0,0,0.3333333333333333,0,0,0,1,1,0.1162528069856919
1,296,0.7004768182710588,1.535581505950607,0,0,0.3132641088487185,0,0,0,1,1,0.1162528069856919
1,297,1.000000000000001,2.000000000000002,0,1,0.3333333333333333,0,0.4999999999999994,4.300971417073294,0.6666666666666667,1,0.1162528069856919
1,298,0.7004768182710588,2.199710384173447,0,0,0.2415281391768924,0,0,0,1,1,0.1162528069856919
1,299,1.000000000000001,1.900187202444505,0,0,0.3448053281378259,0,0,0,1,1,0.1162528069856919
1,300,1.000000000000001,2.000000000000002,0,2,0.3333333333333333,0,0.9999999999999989,8.601942834146588,0.4444444444444445,1,0.1162528069856919
1,301,1.000000000000001,2.000000000000002,0,0,0.3333333333333333,0,0,0,1,1,0.1162528069856919
1,302,0.7639416757783372,2.236058324221665,0,0,0.2546472252594455,0,0,0,1,1,0.1162528069856919
1,303,0.679103400604284,2.32089659939572,0,0,0.2263678002014277,0,0,0,1,1,0.1162528069856919
1,304,1.000000000000001,2.000000000000002,0,0,0.3333333333333333,0,0,0,1,1,0.1162528069856919
1,305,0.679103400604284,2.126627540495721,0,1,0.2420415267395658,0,0.4702280869394262,4.044875122863061,0.7579584732604342,1,0.1162528069856919
1,306,0.2995231817289422,2.700476818271063,0,0,0.0998410605763139,0,0,0,1,1,0.1162528069856919
1,307,1.000000000000001,1.900187202444505,0,0,0.3448053281378259,0,0,0,1,1,0.1162528069856919
1,308,1.000000000000001,2.000000000000002,0,0,0.3333333333333333,0,0,0,1,1,0.1162528069856919
1,309,0.7089776990101562,1.527080625211509,2,0,0.3170658347013106,2.820963202075768,0,-24.26576420148689,0.9999999999999998,0.100530743534839,0.1162528069856919
1,310,0.7004768182710588,1.535581505950607,0,0,0.3132641088487185,0,0,0,1,1,0.1162528069856919
1,311,0.679103400604284,2.32089659939572,0,0,0.2263678002014277,0,0,0,1,1,0.1162528069856919
1,312,0.7004768182710588,2.106174440371794,0,0,0.2495774336458788,0,0,0,1,1,0.1162528069856919
1,313,0.8066512586428521,2.000000000000002,0,0,0.2874070143765939,0,0,0,1,1,0.1162528069856919
1,314,1.000000000000001,2.000000000000002,0,0,0.3333333333333333,0,0,0,1,1,0.1162528069856919
1,315,1.000000000000001,2.000000000000002,0,0,0.3333333333333333,0,0,0,1,1,0.1162528069856919
1,316,1.000000000000001,2.000000000000002,2,0,0.3333333333333333,1.999999999999998,0,-17.20388566829318,1,0.1111111111111109,0.1162528069856919
1,317,1.000000000000001,2.000000000000002,0,0,0.3333333333333333,0,0,0,1,1,0.1162528069856919
1,318,0.7004768182710588,1.535581505950607,0,0,0.3132641088487185,0,0,0,1,1,0.1162528069856919
1,319,0,3.000000000000004,0,0,0,"null",0,"null",1,1,0.1162528069856919
1,320,1.000000000000001,1.900187202444505,0,0,0.3448053281378259,0,0,0,1,1,0.1162528069856919
1,321,0.692934277633823,2.307065722366181,2,0,0.2309780925446074,2.88627661317238,0,-24.82758643004306,1,0.05335087923554527,0.1162528069856919
1,322,1.000000000000001,2.000000000000002,0,0,0.3333333333333333,0,0,0,1,1,0.1162528069856919
1,323,0.7639416757783372,2.236058324221665,0,2,0.2546472252594456,0,0.8944310523278354,7.693844781209624,0.5555507588134436,1,0.1162528069856919
1,324,0.7698465830244859,2.031000626835422,0,4,0.2748620418544687,0,1.969472558082146,16.94129035804308,0.2764919919819139,1,0.1162528069856919
1,325,0.9010796076404486,2.098920392359555,0,0,0.3003598692134825,0,0,0,1,1,0.1162528069856919
1,326,1.000000000000001,2.000000000000002,0,0,0.3333333333333333,0,0,0,1,1,0.1162528069856919
1,327,0.7004768182710588,2.199710384173447,0,0,0.2415281391768924,0,0,0,1,1,0.1162528069856919
1,328,1.000000000000001,2.000000000000002,0,0,0.3333333333333333,0,0,0,1,1,0.1162528069856919
1,329,1.000000000000001,2.000000000000002,0,0,0.3333333333333333,0,0,0,1,1,0.1162528069856919
1,330,0.9010796076404486,2.098920392359555,0,0,0.3003598692134825,0,0,0,1,1,0.1162528069856919
1,331,0,3.000000000000004,0,0,0,"null",0,"null",1,1,0.1162528069856919
1,332,0.8066512586428521,2.000000000000002,0,0,0.2874070143765939,0,0,0,1,1,0.1162528069856919
1,333,1.000000000000001,2.000000000000002,0,0,0.3333333333333333,0,0,0,1,1,0.1162528069856919
1,334,1.000000000000001,2.000000000000002,0,0,0.3333333333333333,0,0,0,1,1,0.1162528069856919
1,335,0.8114452868127403,2.088741915631765,0,0,0.2797906583853589,0,0,0,1,1,0.1162528069856919
1,336,1.000000000000001,2.000000000000002,0,0,0.3333333333333333,0,0,0,1,1,0.1162528069856919
1,337,1.000000000000001,2.000000000000002,0,0,0.3333333333333333,0,0,0,1,1,0.1162528069856919
1,338,0.679103400604284,2.000000000000002,0,0,0.253481594047885,0,0,0,1,1,0.1162528069856919
1,339,0.679103400604284,2.32089659939572,0,0,0.2263678002014277,0,0,0,1,1,0.1162528069856919
1,340,1.000000000000001,2.000000000000002,0,0,0.3333333333333333,0,0,0,1,1,0.1162528069856919
1,341,1.000000000000001,2.000000000000002,0,0,0.3333333333333333,0,0,0,1,1,0.1162528069856919
1,342,0.679103400604284,2.000000000000002,0,0,0.253481594047885,0,0,0,1,1,0.1162528069856919
1,343,0.679103400604284,2.000000000000002,0,0,0.253481594047885,0,0,0,1,1,0.1162528069856919
1,344,1.000000000000001,2.000000000000002,0,0,0.3333333333333333,0,0,0,1,1,0.1162528069856919
1,345,0.679103400604284,2.32089659939572,0,0,0.2263678002014277,0,0,0,1,1,0.1162528069856919
1,346,0.7782490323436158,2.121938170100889,1,0,0.2683444129701856,1.284935744781596,0,-11.05294382216287,1,0.2683444129701856,0.1162528069856919
1,347,1.000000000000001,2.000000000000002,2,0,0.3333333333333333,1.999999999999998,0,-17.20388566829318,1,0.1111111111111109,0.1162528069856919
1,348,1.000000000000001,2.000000000000002,1,0,0.3333333333333333,0.9999999999999989,0,-8.601942834146588,1,0.3333333333333333,0.1162528069856919
1,349,1.000000000000001,2.000000000000002,0,0,0.3333333333333333,0,0,0,1,1,0.1162528069856919
1,350,0.7004768182710588,1.535581505950607,0,0,0.3132641088487185,0,0,0,1,1,0.1162528069856919
1,351,1.000000000000001,2.000000000000002,0,0,0.3333333333333333,0,0,0,1,1,0.1162528069856919
1,352,1.000000000000001,2.000000000000002,0,0,0.3333333333333333,0,0,0,1,1,0.1162528069856919
1,353,0.679103400604284,2.32089659939572,0,0,0.2263678002014277,0,0,0,1,1,0.1162528069856919
1,354,0.7004768182710588,2.106174440371794,0,0,0.2495774336458788,0,0,0,1,1,0.1162528069856919
1,355,1.000000000000001,2.000000000000002,0,0,0.3333333333333333,0,0,0,1,1,0.1162528069856919
1,356,1.000000000000001,2.000000000000002,0,0,0.3333333333333333,0,0,0,1,1,0.1162528069856919
1,357,0.9010796076404486,2.098920392359555,0,0,0.3003598692134825,0,0,0,1,1,0.1162528069856919
1,358,1.000000000000001,2.000000000000002,0,0,0.3333333333333333,0,0,0,1,1,0.1162528069856919
1,359,1.000000000000001,2.000000000000002,0,0,0.3333333333333333,0,0,0,1,1,0.1162528069856919
1,360,1.000000000000001,1.900187202444505,0,0,0.3448053281378259,0,0,0,1,1,0.1162528069856919
1,361,1.137122699754183,1.86287730024582,0,0,0.3790408999180606,0,0,0,1,1,0.1162528069856919
1,362,1.000000000000001,2.000000000000002,0,0,0.3333333333333333,0,0,0,1,1,0.1162528069856919
1,363,1.000000000000001,1.900814261947079,1,0,0.344730792701213,0.9999999999999989,0,-8.601942834146588,1,0.344730792701213,0.1162528069856919
1,364,1.000000000000001,2.000000000000002,0,0,0.3333333333333333,0,0,0,1,1,0.1162528069856919
1,365,0.7004768182710588,1.535581505950607,0,0,0.3132641088487185,0,0,0,1,1,0.1162528069856919
1,366,1.000000000000001,2.000000000000002,0,0,0.3333333333333333,0,0,0,1,1,0.1162528069856919
1,367,0.679103400604284,2.317155264984982,0,1,0.2266504585880693,0,0.4315636570027089,3.712285906832552,0.7733495414119307,1,0.1162528069856919
1,368,0.7004768182710588,2.199710384173447,0,0,0.2415281391768924,0,0,0,1,1,0.1162528069856919
1,369,0.679103400604284,2.32089659939572,0,0,0.2263678002014277,0,0,0,1,1,0.1162528069856919
1,370,0.7565430140648599,1.479515310156806,1,1,0.3383377821006523,1.321801908693943,0.6758970273136377,-5.556036865929622,0.8855275452032113,0.5622031094045162,0.1162528069856919
1,371,1.000000000000001,2.000000000000002,0,0,0.3333333333333333,0,0,0,1,1,0.1162528069856919
1,372,1.000000000000001,2.000000000000002,0,0,0.3333333333333333,0,0,0,1,1,0.1162528069856919
1,373,0.679103400604284,2.32089659939572,0,0,0.2263678002014277,0,0,0,1,1,0.1162528069856919
1,374,1.000000000000001,2.000000000000002,0,0,0.3333333333333333,0,0,0,1,1,0.1162528069856919
1,375,0.6793273428825298,2.319626857815221,0,2,0.2265214129393754,0,0.8622076405356561,7.416660835052133,0.5982691246413001,1,0.1162528069856919
1,376,1.000000000000001,2.000000000000002,0,0,0.3333333333333333,0,0,0,1,1,0.1162528069856919
1,377,0.8066512586428521,2.000000000000002,0,0,0.2874070143765939,0,0,0,1,1,0.1162528069856919
1,378,0.679103400604284,2.000000000000002,0,0,0.253481594047885,0,0,0,1,1,0.1162528069856919
1,379,1.000000000000001,2.000000000000002,0,0,0.3333333333333333,0,0,0,1,1,0.1162528069856919
1,380,0.679103400604284,2.32089659939572,0,0,0.2263678002014277,0,0,0,1,1,0.1162528069856919
1,381,1.000000000000001,2.000000000000002,0,0,0.3333333333333333,0,0,0,1,1,0.1162528069856919
1,382,0.8066512586428521,2.000000000000002,0,0,0.2874070143765939,0,0,0,1,1,0.1162528069856919
1,383,0.7131039109216001,1.522954413300066,3,0,0.3189111407323508,4.206960520133546,0,-36.18803389970039,0.9999999999999999,0.03243463933193547,0.1162528069856919
1,384,0.679103400604284,2.32089659939572,0,0,0.2263678002014277,0,0,0,1,1,0.1162528069856919
1,385,1.000000000000001,2.000000000000002,0,0,0.3333333333333333,0,0,0,1,1,0.1162528069856919
1,386,0.7004768182710588,1.542254333666127,0,1,0.312332049994496,0,0.6484014848723931,5.577512506448095,0.687667950005504,1,0.1162528069856919
1,387,0.7004768182710588,2.106174440371794,0,0,0.2495774336458788,0,0,0,1,1,0.1162528069856919
1,388,1.000000000000001,2.000000000000002,0,0,0.3333333333333333,0,0,0,1,1,0.1162528069856919
1,389,0.9956625853739017,2.004337414626101,1,1,0.3318875284579669,1.004356309747714,0.4989179929001848,-4.347751507709719,0.8898506684540624,0.5536257253699959,0.1162528069856919
1,390,1.000000000000001,2.000000000000002,0,2,0.3333333333333333,0,0.9999999999999989,8.601942834146588,0.4444444444444445,1,0.1162528069856919
1,391,1.000000000000001,2.000000000000002,0,0,0.3333333333333333,0,0,0,1,1,0.1162528069856919
1,392,1.000000000000001,1.900447967058892,0,1,0.3447743284338313,0,0.5261917281258621,4.526271165139474,0.6552256715661687,1,0.1162528069856919
1,393,0.7004768182710588,2.199710384173447,0,0,0.2415281391768924,0,0,0,1,1,0.1162528069856919
1,394,1.000000000000001,2.000000000000002,0,0,0.3333333333333333,0,0,0,1,1,0.1162528069856919
1,395,1.000000000000001,2.000000000000002,1,0,0.3333333333333333,0.9999999999999989,0,-8.601942834146588,1,0.3333333333333333,0.1162528069856919
1,396,0.8114452868127403,2.088741915631765,0,0,0.2797906583853589,0,0,0,1,1,0.1162528069856919
1,397,0.8066512586428521,2.000000000000002,0,0,0.2874070143765939,0,0,0,1,1,0.1162528069856919
1,398,0.679103400604284,2.32089659939572,0,0,0.2263678002014277,0,0,0,1,1,0.1162528069856919
1,399,1.000000000000001,2.000000000000002,0,0,0.3333333333333333,0,0,0,1,1,0.1162528069856919
1,400,0.679103400604284,2.000000000000002,0,0,0.253481594047885,0,0,0,1,1,0.1162528069856919
1,401,0.2995231817289422,2.700476818271063,0,0,0.0998410605763139,0,0,0,1,1,0.1162528069856919
1,402,1.000000000000001,2.000000000000002,0,0,0.3333333333333333,0,0,0,1,1,0.1162528069856919
1,403,0.679103400604284,2.32089659939572,0,0,0.2263678002014277,0,0,0,1,1,0.1162528069856919
1,404,0.7004768182710588,1.535581505950607,0,0,0.3132641088487185,0,0,0,1,1,0.1162528069856919
1,405,0.679103400604284,2.32089659939572,0,0,0.2263678002014277,0,0,0,1,1,0.1162528069856919
1,406,1.000000000000001,2.000000000000002,0,0,0.3333333333333333,0,0,0,1,1,0.1162528069856919
1,407,1.000000000000001,1.900187202444505,0,0,0.3448053281378259,0,0,0,1,1,0.1162528069856919
1,408,0.8066512586428521,2.000000000000002,0,0,0.2874070143765939,0,0,0,1,1,0.1162528069856919
1,409,0.679103400604284,2.000000000000002,0,0,0.253481594047885,0,0,0,1,1,0.1162528069856919
1,410,1.000000000000001,2.000000000000002,0,0,0.3333333333333333,0,0,0,1,1,0.1162528069856919
1,411,0.7004768182710588,2.199710384173447,0,0,0.2415281391768924,0,0,0,1,1,0.1162528069856919
1,412,1.000000000000001,1.906345717264188,2,0,0.3440746894149002,1.999999999999998,0,-17.20388566829318,1,0.11838739189596,0.1162528069856919
1,413,0.6820327403330178,2.317967259666986,2,0,0.2273442467776723,2.932410545311146,0,-25.22442787701513,1,0.0516854065429071,0.1162528069856919
1,414,0.01073114996433665,1.385357251693027,0,1,0.007686583422365798,0,0.7218354679111927,6.20918743063154,0.9923134165776342,1,0.1162528069856919
1,415,0.9010796076404486,2.098920392359555,0,0,0.3003598692134825,0,0,0,1,1,0.1162528069856919
1,416,0.7004768182710588,1.535581505950607,0,0,0.3132641088487185,0,0,0,1,1,0.1162528069856919
1,417,0.679103400604284,2.32089659939572,0,0,0.2263678002014277,0,0,0,1,1,0.1162528069856919
1,418,0.9010796076404486,2.098920392359555,0,0,0.3003598692134825,0,0,0,1,1,0.1162528069856919
1,419,0.7639416757783372,2.236058324221665,0,0,0.2546472252594455,0,0,0,1,1,0.1162528069856919
1,420,0.679103400604284,2.32089659939572,0,0,0.2263678002014277,0,0,0,1,1,0.1162528069856919
1,421,0.7639416757783372,2.236058324221665,0,0,0.2546472252594455,0,0,0,1,1,0.1162528069856919
1,422,1.000000000000001,2.000000000000002,0,0,0.3333333333333333,0,0,0,1,1,0.1162528069856919
1,423,1.000000000000001,2.000000000000002,0,0,0.3333333333333333,0,0,0,1,1,0.1162528069856919
1,424,1.000000000000001,2.000000000000002,0,0,0.3333333333333333,0,0,0,1,1,0.1162528069856919
1,425,1.000000000000001,2.000000000000002,1,0,0.3333333333333333,0.9999999999999989,0,-8.601942834146588,1,0.3333333333333333,0.1162528069856919
1,426,0.6820010926752857,2.304466829461912,0,7,0.2283637763593413,0,3.037578979444233,26.12908073538465,0.1628876840816891,1,0.1162528069856919
1,427,0.679103400604284,2.32089659939572,0,0,0.2263678002014277,0,0,0,1,1,0.1162528069856919
1,428,0.679103400604284,2.32089659939572,0,0,0.2263678002014277,0,0,0,1,1,0.1162528069856919
1,429,1.000000000000001,2.000000000000002,0,0,0.3333333333333333,0,0,0,1,1,0.1162528069856919
1,430,1.487191413870108,1.287839611680755,2,0,0.5359188420514651,1.34481680121822,0,-11.99160645089581,1,0.2872090052657832,0.1121465090373907
1,431,1.763941675778337,1.236058324221665,0,0,0.5879805585927786,0,0,0,1,1,0.1121465090373907
1,432,1.000000000000001,2.000000000000002,0,0,0.3333333333333333,0,0,0,1,1,0.1121465090373907
1,433,1.000000000000001,2.000000000000002,0,0,0.3333333333333333,0,0,0,1,1,0.1121465090373907
1,434,0.6791034006042839,2.32089659939572,0,0,0.2263678002014277,0,0,0,1,1,0.1121465090373907
1,435,1.000000000000001,2.000000000000002,0,0,0.3333333333333333,0,0,0,1,1,0.1121465090373907
1,436,0.9010796076404486,2.098920392359555,0,0,0.3003598692134825,0,0,0,1,1,0.1121465090373907
1,437,1.000000000000001,1.900187202444505,0,0,0.3448053281378259,0,0,0,1,1,0.1121465090373907
1,438,1.000000000000001,2.000000000000002,0,0,0.3333333333333333,0,0,0,1,1,0.1121465090373907
1,439,0.7004768182710587,2.106174440371794,0,0,0.2495774336458788,0,0,0,1,1,0.1121465090373907
1,440,1.000000000000001,2.000000000000002,0,3,0.3333333333333333,0,1.499999999999998,13.37536061421122,0.2962962962962963,1,0.1121465090373907
1,441,1.000000000000001,1.903027091435085,1,0,0.3444680220003252,0.9999999999999987,0,-9.153778403058087,1,0.3444680220003251,0.1092445060354443
1,442,0.9010796076404485,2.098920392359553,0,0,0.3003598692134826,0,0,0,1,1,0.1092445060354443
1,443,0.7639416757783372,2.236058324221666,0,0,0.2546472252594454,0,0,0,1,1,0.1092445060354443
1,444,0.6791034006042839,2.000000000000003,0,0,0.253481594047885,0,0,0,1,1,0.1092445060354443
1,445,1.000000000000001,2.000000000000003,1,0,0.3333333333333333,0.9999999999999987,0,-9.153778403058087,1,0.3333333333333333,0.1092445060354443
1,446,0.6791034006042839,2.32089659939572,0,0,0.2263678002014277,0,0,0,1,1,0.1092445060354443
1,447,0.2995231817289422,2.700476818271061,0,0,0.09984106057631395,0,0,0,1,1,0.1092445060354443
1,448,0.6791034006042839,2.32089659939572,0,0,0.2263678002014277,0,0,0,1,1,0.1092445060354443
1,449,0.6791034006042839,2.32089659939572,0,0,0.2263678002014277,0,0,0,1,1,0.1092445060354443
1,450,1.000000000000001,2.000000000000003,0,0,0.3333333333333333,0,0,0,1,1,0.1092445060354443
1,451,0.6791034006042839,2.000000000000003,0,0,0.253481594047885,0,0,0,1,1,0.1092445060354443
1,452,1.000000000000001,2.000000000000003,0,0,0.3333333333333333,0,0,0,1,1,0.1092445060354443
1,453,1.000000000000001,2.000000000000003,0,0,0.3333333333333333,0,0,0,1,1,0.1092445060354443
1,454,1.379580218875343,1.299523181728943,0,0,0.5149410129389448,0,0,0,1,1,0.1092445060354443
1,455,1.000000000000001,2.000000000000003,0,0,0.3333333333333333,0,0,0,1,1,0.1092445060354443
1,456,1.000000000000001,2.000000000000003,0,0,0.3333333333333333,0,0,0,1,1,0.1092445060354443
1,457,1.379580218875343,1.299523181728943,0,0,0.5149410129389448,0,0,0,1,1,0.1092445060354443
1,458,0.6791034006042839,2.32089659939572,0,0,0.2263678002014277,0,0,0,1,1,0.1092445060354443
1,459,0.6791034006042839,2.32089659939572,0,0,0.2263678002014277,0,0,0,1,1,0.1092445060354443
1,460,1.000000000000001,2.000000000000003,1,0,0.3333333333333333,0.9999999999999987,0,-9.153778403058087,1,0.3333333333333333,0.1092445060354443
1,461,1.000000000000001,2.000000000000003,0,0,0.3333333333333333,0,0,0,1,1,0.1092445060354443
1,462,1.000000000000001,2.000000000000003,0,0,0.3333333333333333,0,0,0,1,1,0.1092445060354443
1,463,1.000000000000001,2.000000000000003,0,0,0.3333333333333333,0,0,0,1,1,0.1092445060354443
1,464,0.6791034006042839,2.000000000000003,0,0,0.253481594047885,0,0,0,1,1,0.1092445060354443
1,465,1.000000000000001,2.000000000000003,0,0,0.3333333333333333,0,0,0,1,1,0.1092445060354443
1,466,0.6791034006042839,2.32089659939572,0,0,0.2263678002014277,0,0,0,1,1,0.1092445060354443
1,467,1.000000000000001,2.000000000000003,0,0,0.3333333333333333,0,0,0,1,1,0.1092445060354443
1,468,0.7004768182710587,1.535581505950607,0,0,0.3132641088487184,0,0,0,1,1,0.1092445060354443
1,469,0.9010796076404485,2.098920392359553,0,0,0.3003598692134826,0,0,0,1,1,0.1092445060354443
1,470,0,1.377109426374521,0,0,0,"null",0,"null",1,1,0.1092445060354443
1,471,0.6791034006042839,2.32089659939572,0,0,0.2263678002014277,0,0,0,1,1,0.1092445060354443
1,472,0.7004768182710587,2.106174440371795,0,0,0.2495774336458787,0,0,0,1,1,0.1092445060354443
1,473,0.7004768182710587,2.199710384173447,0,0,0.2415281391768924,0,0,0,1,1,0.1092445060354443
1,474,0.6791034006042839,2.32089659939572,0,0,0.2263678002014277,0,0,0,1,1,0.1092445060354443
1,475,0.6791034006042839,2.32089659939572,0,0,0.2263678002014277,0,0,0,1,1,0.1092445060354443
1,476,1.000000000000001,2.000000000000003,0,0,0.3333333333333333,0,0,0,1,1,0.1092445060354443
1,477,0.7639416757783372,2.236058324221666,0,0,0.2546472252594454,0,0,0,1,1,0.1092445060354443
1,478,1.379580218875343,1.299523181728943,0,0,0.5149410129389448,0,0,0,1,1,0.1092445060354443
1,479,0.7004768182710587,2.106174440371795,0,0,0.2495774336458787,0,0,0,1,1,0.1092445060354443
1,480,1.000000000000001,2.000000000000003,0,0,0.3333333333333333,0,0,0,1,1,0.1092445060354443
1,481,0.8066512586428521,2.000000000000003,0,0,0.2874070143765938,0,0,0,1,1,0.1092445060354443
1,482,1.000000000000001,2.000000000000003,0,0,0.3333333333333333,0,0,0,1,1,0.1092445060354443
1,483,0.6791034006042839,2.32089659939572,0,0,0.2263678002014277,0,0,0,1,1,0.1092445060354443
1,484,1.000000000000001,2.000000000000003,0,0,0.3333333333333333,0,0,0,1,1,0.1092445060354443
1,485,0.6791034006042839,2.32089659939572,0,0,0.2263678002014277,0,0,0,1,1,0.1092445060354443
1,486,1.000000000000001,2.000000000000003,0,0,0.3333333333333333,0,0,0,1,1,0.1092445060354443
1,487,1.000000000000001,2.000000000000003,0,0,0.3333333333333333,0,0,0,1,1,0.1092445060354443
1,488,0.6791034006042839,2.32089659939572,0,0,0.2263678002014277,0,0,0,1,1,0.1092445060354443
1,489,1.000000000000001,2.000000000000003,0,0,0.3333333333333333,0,0,0,1,1,0.1092445060354443
1,490,0.6791034006042839,2.098920392359553,0,0,0.2444555738954839,0,0,0,1,1,0.1092445060354443
1,491,0.7004768182710587,1.535581505950607,0,0,0.3132641088487184,0,0,0,1,1,0.1092445060354443
1,492,0.6791034006042839,2.32089659939572,0,0,0.2263678002014277,0,0,0,1,1,0.1092445060354443
1,493,0.6791034006042839,2.32089659939572,0,0,0.2263678002014277,0,0,0,1,1,0.1092445060354443
1,494,0.6798118135393689,2.098920519550049,1,0,0.2446481819943947,1.470995325594012,0,-13.46516524242189,1,0.2446481819943946,0.1092445060354443
1,495,1.000000000000001,2.000000000000003,1,0,0.3333333333333333,0.9999999999999987,0,-9.153778403058087,1,0.3333333333333333,0.1092445060354443
1,496,1.000000000000001,2.000000000000003,0,0,0.3333333333333333,0,0,0,1,1,0.1092445060354443
1,497,0.7004768182710587,1.535581505950607,0,0,0.3132641088487184,0,0,0,1,1,0.1092445060354443
1,498,1.379580218875343,1.299523181728943,0,0,0.5149410129389448,0,0,0,1,1,0.1092445060354443
1,499,0.6791034006042839,2.32089659939572,0,0,0.2263678002014277,0,0,0,1,1,0.1092445060354443
1,500,1.000000000000001,2.000000000000003,0,0,0.3333333333333333,0,0,0,1,1,0.1092445060354443
1,501,0.7004768182710587,2.106174440371795,0,0,0.2495774336458787,0,0,0,1,1,0.1092445060354443
1,502,1.000000000000001,2.000000000000003,0,0,0.3333333333333333,0,0,0,1,1,0.1092445060354443
1,503,1.000000000000001,2.000000000000003,1,0,0.3333333333333333,0.9999999999999987,0,-9.153778403058087,1,0.3333333333333333,0.1092445060354443
1,504,1.000000000000001,2.000000000000003,1,0,0.3333333333333333,0.9999999999999987,0,-9.153778403058087,1,0.3333333333333333,0.1092445060354443
1,505,0.6791034006042839,2.32089659939572,0,0,0.2263678002014277,0,0,0,1,1,0.1092445060354443
1,506,1.379580218875343,1.299523181728943,0,0,0.5149410129389448,0,0,0,1,1,0.1092445060354443
1,507,1.000000000000001,2.000000000000003,2,0,0.3333333333333333,1.999999999999997,0,-18.30755680611617,1,0.1111111111111109,0.1092445060354443
1,508,0.6791034006042839,2.32089659939572,0,0,0.2263678002014277,0,0,0,1,1,0.1092445060354443
1,509,0.7004768182710587,2.199710384173447,0,0,0.2415281391768924,0,0,0,1,1,0.1092445060354443
1,510,0.6791034006042839,2.000000000000003,0,0,0.253481594047885,0,0,0,1,1,0.1092445060354443
1,511,0.6791034006042839,2.32089659939572,0,0,0.2263678002014277,0,0,0,1,1,0.1092445060354443
1,512,1.000000000000001,2.000000000000003,0,0,0.3333333333333333,0,0,0,1,1,0.1092445060354443
1,513,0.6791034006042839,2.32089659939572,0,0,0.2263678002014277,0,0,0,1,1,0.1092445060354443
1,514,1.000000000000001,2.000000000000003,0,0,0.3333333333333333,0,0,0,1,1,0.1092445060354443
1,515,1.000000000000001,2.000000000000003,0,0,0.3333333333333333,0,0,0,1,1,0.1092445060354443
1,516,1.000000000000001,2.000000000000003,0,0,0.3333333333333333,0,0,0,1,1,0.1092445060354443
1,517,0.6791034006042839,2.32089659939572,0,0,0.2263678002014277,0,0,0,1,1,0.1092445060354443
1,518,0,3.000000000000003,0,0,0,"null",0,"null",1,1,0.1092445060354443
1,519,1.000000000000001,1.763941675778337,0,0,0.3618021352488911,0,0,0,1,1,0.1092445060354443
1,520,0.8066512586428521,2.000000000000003,0,0,0.2874070143765938,0,0,0,1,1,0.1092445060354443
1,521,0.9010796076404485,2.098920392359553,0,0,0.3003598692134826,0,0,0,1,1,0.1092445060354443
1,522,1.000000000000001,2.000000000000003,1,0,0.3333333333333333,0.9999999999999987,0,-9.153778403058087,1,0.3333333333333333,0.1092445060354443
1,523,1.000000000000001,2.000000000000003,0,0,0.3333333333333333,0,0,0,1,1,0.1092445060354443
1,524,0.755469355852335,2.000000000000003,2,0,0.2741708428902665,2.647360855217697,0,-24.23335462159317,1,0.07516965109115925,0.1092445060354443
1,525,1.000000000000001,1.763941675778337,0,0,0.3618021352488911,0,0,0,1,1,0.1092445060354443
1,526,0.6791034006042839,2.32089659939572,0,0,0.2263678002014277,0,0,0,1,1,0.1092445060354443
1,527,0.6791034006042839,2.32089659939572,0,0,0.2263678002014277,0,0,0,1,1,0.1092445060354443
1,528,0,1.377109426374521,0,0,0,"null",0,"null",1,1,0.1092445060354443
1,529,0,1.377109426374521,0,0,0,"null",0,"null",1,1,0.1092445060354443
1,530,0.7004768182710587,2.106174440371795,0,0,0.2495774336458787,0,0,0,1,1,0.1092445060354443
1,531,1.000000000000001,2.000000000000003,0,0,0.3333333333333333,0,0,0,1,1,0.1092445060354443
1,532,0.7004768182710587,2.106174440371795,0,0,0.2495774336458787,0,0,0,1,1,0.1092445060354443
1,533,1.379580218875343,1.299523181728943,0,0,0.5149410129389448,0,0,0,1,1,0.1092445060354443
1,534,1.000000000000001,2.000000000000003,1,0,0.3333333333333333,0.9999999999999987,0,-9.153778403058087,1,0.3333333333333333,0.1092445060354443
1,535,0.6791034006042839,2.32089659939572,0,0,0.2263678002014277,0,0,0,1,1,0.1092445060354443
1,536,0.7004768182710587,2.106174440371795,0,0,0.2495774336458787,0,0,0,1,1,0.1092445060354443
1,537,1.000000000000001,2.000000000000003,0,0,0.3333333333333333,0,0,0,1,1,0.1092445060354443
1,538,0.7004768182710587,2.106174440371795,0,0,0.2495774336458787,0,0,0,1,1,0.1092445060354443
1,539,1.763941675778337,1.236058324221665,0,0,0.5879805585927786,0,0,0,1,1,0.1092445060354443
1,540,0.8066512586428521,2.000000000000003,0,0,0.2874070143765938,0,0,0,1,1,0.1092445060354443
1,541,1.000000000000001,2.000000000000003,1,0,0.3333333333333333,0.9999999999999987,0,-9.153778403058087,1,0.3333333333333333,0.1092445060354443
1,542,1.000000000000001,2.000000000000003,0,0,0.3333333333333333,0,0,0,1,1,0.1092445060354443
1,543,0.6791034006042839,2.32089659939572,0,0,0.2263678002014277,0,0,0,1,1,0.1092445060354443
1,544,1.000000000000001,2.000000000000003,0,0,0.3333333333333333,0,0,0,1,1,0.1092445060354443
1,545,0,1.377109426374521,0,0,0,"null",0,"null",1,1,0.1092445060354443
1,546,0.6791034006042839,2.32089659939572,0,0,0.2263678002014277,0,0,0,1,1,0.1092445060354443
1,547,1.000000000000001,2.000000000000003,0,0,0.3333333333333333,0,0,0,1,1,0.1092445060354443
1,548,0.9010795608973475,2.098920439102654,1,0,0.300359853632449,1.109779916663676,0,-10.15867943330357,1,0.300359853632449,0.1092445060354443
1,549,0.7004768182710587,1.535581505950607,0,0,0.3132641088487184,0,0,0,1,1,0.1092445060354443
1,550,0.7004768182710587,1.535581505950607,0,0,0.3132641088487184,0,0,0,1,1,0.1092445060354443
1,551,0,3.000000000000003,0,0,0,"null",0,"null",1,1,0.1092445060354443
1,552,0.6791034006042839,2.32089659939572,0,0,0.2263678002014277,0,0,0,1,1,0.1092445060354443
1,553,0.9010741602565374,2.098925839743465,4,0,0.3003580534188456,4.439146272778695,0,-40.63496127977747,1,0.008138739053550892,0.1092445060354443
1,554,0.6791034006042839,2.32089659939572,0,0,0.2263678002014277,0,0,0,1,1,0.1092445060354443
1,555,0.99804958272424,2.001950417275764,0,1,0.332683194241413,0,0.4995128707337274,4.572430128171946,0.667316805758587,1,0.1092445060354443
1,556,0.6791034006042839,2.32089659939572,0,0,0.2263678002014277,0,0,0,1,1,0.1092445060354443
1,557,0.7639416757783372,2.236058324221666,0,0,0.2546472252594454,0,0,0,1,1,0.1092445060354443
1,558,0.7004768182710587,1.535581505950607,0,0,0.3132641088487184,0,0,0,1,1,0.1092445060354443
1,559,0.6791034006042839,2.32089659939572,0,0,0.2263678002014277,0,0,0,1,1,0.1092445060354443
1,560,0.7639416757783372,2.236058324221666,0,0,0.2546472252594454,0,0,0,1,1,0.1092445060354443
1,561,0.6791034006042839,2.000000000000003,0,0,0.253481594047885,0,0,0,1,1,0.1092445060354443
1,562,1.017653049938362,1.982346950061642,0,2,0.3392176833127868,0,1.00890512628872,9.23529395575629,0.4366332700465204,1,0.1092445060354443
1,563,1.000000000000001,2.000000000000003,0,0,0.3333333333333333,0,0,0,1,1,0.1092445060354443
1,564,0.6590218674881643,2.252266164209587,0,1,0.2263678002014277,0,0.4439972574693192,4.167919622620896,0.7736321997985722,1,0.1065273080266654
1,565,0.6590218674881643,2.252266164209587,0,0,0.2263678002014277,0,0,0,1,1,0.1065273080266654
1,566,0.8744340924435134,2.036853939254236,0,0,0.3003598692134827,0,0,0,1,1,0.1065273080266654
1,567,0.9704293438992504,1.843997420153971,0,0,0.3448053281378259,0,0,0,1,1,0.1065273080266654
1,568,0.9704293438992504,1.940858687798501,0,1,0.3333333333333334,0,0.5152358625007838,4.836655239347759,0.6666666666666666,1,0.1065273080266654
1,569,0,2.911288031697751,0,0,0,"null",0,"null",1,1,0.1065273080266654
1,570,0.6816625233646886,2.041994216114098,1,0,0.2502747550688547,1.467001581756316,0,-13.77113163686727,1,0.2502747550688547,0.1065273080266654
1,571,0.8744340924435134,2.036853939254236,0,0,0.3003598692134827,0,0,0,1,1,0.1065273080266654
1,572,0.9704293438992504,1.940858687798501,2,0,0.3333333333333334,2.060943450003135,0,-19.34662095739104,1,0.111111111111111,0.1065273080266654
1,573,0.6590218674881643,1.944527873816676,0,1,0.2531243621095087,0,0.5142636490148234,4.827528814358994,0.7468756378904913,1,0.1065273080266654
1,574,0.6812880379221048,2.131479829043339,1,0,0.2422126780967221,1.467807952492386,0,-14.04522796081678,1,0.2422126780967221,0.1045058119802157
1,575,0.6782614789582542,2.039377968847865,0,0,0.2495774336458787,0,0,0,1,1,0.09932595039249387
1,576,0.9163957729249368,1.832791545849874,0,0,0.3333333333333334,0,0,0,1,1,0.09844127623963267
1,577,0.6326451380899077,1.386881262221163,0,0,0.3132641088487183,0,0,0,1,1,0.09914263564349847
1,578,1.593127846557085,1.116362838594032,0,0,0.5879805585927788,0,0,0,1,1,0.09914263564349847
1,579,0.9031635617170389,1.806327123434078,0,0,0.3333333333333333,0,0,0,1,1,0.09914263564349847
1,580,0.9031635617170389,1.806327123434078,0,0,0.3333333333333333,0,0,0,1,1,0.09914263564349847
1,581,0.7285380238194097,1.806327123434078,0,0,0.2874070143765938,0,0,0,1,1,0.09914263564349847
1,582,0.6326451380899077,1.90222000916358,0,0,0.2495774336458787,0,0,0,1,1,0.09914263564349847
1,583,1.245986584153825,1.17368198534417,0,0,0.5149410129389449,0,0,0,1,1,0.09914263564349847
1,584,0.6193402940476731,1.806327123434078,4,0,0.2553277871418383,6.458485001610607,0,-65.14336601696083,1,0.004250033226447458,0.09914263564349847
